video_id,title,description,published_at,channel_id,channel_title,category_id,tags,views,likes,comment_count,duration,category_name
Plp2kiyzZR4,Harley Quinn's long hair troublesã€‚#Harley Quinn #joker,"We hope you have a good time with our videos, and you are welcome to subscribe to our channelï¼ï¼
Our video production team pays special attention to the safety needs of children to ensure that the content does not cause any harm to them",2025-04-20T11:33:42Z,UCYFKMKQwYNun2wNj458kREQ,Harley Quinn with the Joker,22,"['#Harley Quinn', '#joker']",46417359,841886,352,PT59S,People & Blogs
PDpCxN8fDjM,Láº§n sau nÃ³i rÃµ bÆ°á»Ÿi loáº¡i nÃ o chá»© ğŸ™ #fansiefamily,"#fansiefamily #fansie #shorts #tiktok #family #comedy #funny #metub
ÄÄƒng kÃ½ channel Fansie Family Ä‘á»ƒ cáº­p nháº­t nhá»¯ng video má»›i nháº¥t cá»§a chÃºng mÃ¬nh nhÃ©!
_______________________________
Káº¿t ná»‘i vá»›i Fansie Family ngay táº¡i Ä‘Ã¢y: 
âœ¨ YouTube: https://www.youtube.com/@fansiefamily
âœ¨ TikTok: https://www.tiktok.com/@befansie 
âœ¨ Facebook: https://www.facebook.com/FansieFamily
âœ¨ Instagram cá»§a Fansie: https://www.instagram.com/fansie.m
âœ¨ Instagram cá»§a Tom: https://www.instagram.com/lf.tom_zonson
_______________________________
â–º Email liÃªn há»‡ há»£p tÃ¡c: fansiefamilytp@gmail.com
** My email to corporate: fansiefamilytp@gmail.com
_______________________________
Â© Báº£n quyá»n thuá»™c vá» Fansie Family
Â© Copyright by Fansie Family. Please do not Reup",2025-04-13T05:48:23Z,UCMzFGyigts0zrVWJgxG_2CA,Fansie Family,22,"['fansie', 'fansie family', 'fansie channel', 'fansie tiktok', 'tiktok fansie family', 'tiktok', 'tik tok', 'shorts', 'nguyá»…n minh phÆ°Æ¡ng', 'minh phÆ°Æ¡ng fansie', 'fansie family vlog', 'family vlog', 'vlog', 'vlog gia Ä‘Ã¬nh', 'tiktok dance', 'tiktok dances 2025', 'tiktok 2025', 'trend tiktok 2025', 'hot tiktok', 'hot mom tiktok', 'couple', 'funny couple', 'tiktok couple', 'nháº£y tiktok', 'blackpink', 'lisa', 'gia Ä‘Ã¬nh', 'gia Ä‘Ã¬nh fansie', 'gia Ä‘Ã¬nh fansie family', 'Láº§n sau nÃ³i rÃµ bÆ°á»Ÿi loáº¡i nÃ o chá»©']",10021862,132867,708,PT25S,People & Blogs
6uNgUiFWHrQ,Happy Dog ğŸ¤£â¤ï¸ #demariki,,2025-04-16T12:00:24Z,UCPwtBv1vrGio8Z_pv2w5X7A,Demariki,23,[],65272563,704963,903,PT11S,Comedy
_OI9tkAVZco,Frozen noodle prankğŸ˜‚,,2025-04-20T08:00:43Z,UCSz1RpLRi0C1iBFhrh-WcIg,Karina ,22,[],48049231,733286,581,PT10S,People & Blogs
MvTco4mwv-k,Linh Trang láº§n Ä‘áº§u lÃ m cáº£nh sÃ¡t ğŸš“ğŸ”«ğŸ‘®ğŸ»â€â™€ï¸ Police dance cover #shorts,"Linh Trang láº§n Ä‘áº§u lÃ m cáº£nh sÃ¡t ğŸš“ğŸ”«ğŸ‘®ğŸ»â€â™€ï¸ Police dance cover #shorts

ğŸ“Œ Like, comment & subscribe for more funny couple moments! ğŸ’–

------------------------------------------

-
-
Hello! ğŸ’š Thank you for watching the Small Family TV's product! ğŸ’•
Have fun watching the video! ğŸ’•. Hope you all enjoy our channel and please subscribe to get notified of the latest uploads.
â–¬â–¬â–¬â–¬â–¬â–¬â–¬â–¬â–¬â–¬â–¬â–¬â–¬â–¬â–¬â–¬â–¬â–¬â–¬â–¬â–¬â–¬â–¬â–¬
â–º Parental Guidelines: Some of the content in this video may not be suitable for children Under 13.

#shorts  #funny  #trending #comedyWatch till the end to see what happensâ€¦ ğŸ˜‚

ğŸ’¬ Tag someone who needs this warning!

ğŸ“Œ Like, comment & subscribe for more funny couple moments! ğŸ’–

------------------------------------------

-
-
Hello! ğŸ’š Thank you for watching the Small Family TV's product! ğŸ’•
Have fun watching the video! ğŸ’•. Hope you all enjoy our channel and please subscribe to get notified of the latest uploads.
â–¬â–¬â–¬â–¬â–¬â–¬â–¬â–¬â–¬â–¬â–¬â–¬â–¬â–¬â–¬â–¬â–¬â–¬â–¬â–¬â–¬â–¬â–¬â–¬
â–º Parental Guidelines: Some of the content in this video may not be suitable for children Under 13.

#shorts  #funny  #trending #comedy",2025-04-20T10:00:36Z,UCPQ_0hRIRH4uz3OORNyBo8Q,Small Family TV,22,"['shorts', '#shorts', 'trend tik tok', 'shorts video', 'tiktok', 'Crazy dance', 'trend tiktok', 'lt studio', 'lt', 'funny family', 'Funny Story', 'Small Family TV', 'Squid Game', 'Just For Fun', 'Sad Story', 'TÆ°á»Ÿng GÃ¬', 'Funny Family', 'Funny Video 2025', 'OMG', 'Funny Video', '#viralvideo', '#funny', 'Linh Trang láº§n Ä‘áº§u lÃ m cáº£nh sÃ¡t', 'Police dance cover']",1594243,16146,8,PT15S,People & Blogs
fbCO9LRUGu4,Who Will Win? ITALIAN BRAINROT vs MINECRAFT - BOMBORDIRO CROCODILO and TUNG TUNG TUNG SAHUR,,2025-04-20T11:00:57Z,UCa0E94BOE2rZ4UcvPXwpq9w,Mazizien,20,[],57183030,3107377,10612,PT24S,Gaming
cF9feVtissg,NÆ°á»›c Ä‘i khÃ´ng thá»ƒ lÆ°á»ng trÆ°á»›c cá»§a chá»§ xe Rolls-Royce #sieuxe #shorts,"NÆ°á»›c Ä‘i khÃ´ng thá»ƒ lÆ°á»ng trÆ°á»›c cá»§a chá»§ xe Rolls-Royce #sieuxe #shorts #metub 

Cáº£m Æ¡n cÃ¡c báº¡n Ä‘Ã£ á»§ng há»™ video cá»§a mÃ¬nh, hÃ£y Ä‘á»ƒ láº¡i 1 like náº¿u báº¡n cáº£m tháº¥y thÃ­ch video nÃ y, náº¿u báº¡n muá»‘n theo dÃµi thÃªm nhiá»u video tá»« mÃ¬nh hÃ£y táº·ng mÃ¬nh 1 sub luÃ´n nha !â™¥! 
-----------------------",2025-04-14T10:45:09Z,UCBv1YLGOXCBnWcr_6oUPjWA,Martini Official,2,"['xe', 'siÃªu xe', 'Ã´ tÃ´', 'supercar', 'racing', 'tá»‘c Ä‘á»™', 'phÆ°Æ¡ng tiá»‡n', 'martini', 'martini asphalt', 'martini official', 'hypercar', 'rolls-royce', 'chá»§ xe rolls-royce', 'biá»‡t thá»± di Ä‘á»™ng', 'nÆ°á»›c Ä‘i', 'khÃ´ng thá»ƒ lÆ°á»ng trÆ°á»›c', 'hÃ i hÆ°á»›c', 'giáº£i trÃ­', 'buá»“n cÆ°á»i', 'short', 'shorts', 'rolls-royce phantom', 'phantom']",6590000,78254,228,PT28S,Autos & Vehicles
rdbBEZSr5KI,Khi Tung Tung Sahur Cá»©u Sheep | Sheep #shorts,"---
â–º ÄÄƒng KÃ½ KÃªnh ""Sheep Farm"": https://bit.ly/3ygGILT
â–º ÄÄƒng KÃ½ KÃªnh ""Sheep"": https://bit.ly/3rMzexz
------------------------------------------
#sheep #sheepfarm #roblox #metub #metubnetwork
------------------------------------------
Â© Báº£n quyá»n thuá»™c vá» Sheep
Â© Copyright by Sheep â˜ Do not Reup
""METUB Network - Máº¡ng lÆ°á»›i cÃ¡c nhÃ  sÃ¡ng táº¡o ná»™i dung hÃ ng Ä‘áº§u ChÃ¢u Ã""",2025-04-23T11:15:10Z,UC2qV2TQ72mxSBJam-TSYVHQ,Sheep Farm,24,"['sheep', 'sheep farm', 'roblox', 'sheep chÆ¡i game', 'tiktok', 'tik tok', 'sheep tiktok', 'minecraft', 'mini world', 'sheep mini world', 'sheep minecraft', 'miniworld', 'sheep miniworld', 'shorts', 'animation', 'mini world animation', 'mini world story', 'tung tung sahur', 'sahur', 'tung tung tung', 'indorot', 'thanos', 'squid game', 'thanos squid game 2', 'squid game 2']",978476,13850,67,PT30S,Entertainment
pqwAU96Y690,HoÃ ng HÃ´n | Äu Trend Con MÃ¨o KÃªu Sao Cá»§a Chá»‹ Phiáº¿n #Shorts,"â¥ ÄÄƒng kÃ½ kÃªnh HoÃ ng HÃ´n Official Ä‘á»ƒ xem nhiá»u video má»›i táº¡i: https://metub.net/hoanghonofficial

Theo dÃµi HoÃ ng HÃ´n Official trÃªn :

â–º Facebook : https://www.facebook.com/hoang.kunkka.9
â–º Tik Tok      : https://www.tiktok.com/@nhathoanghon

âœª  #hoanghon #hoanghontiktok #tiktok #tieungao #comedy #funny #giaitri #haihuoc  #metub
---------------------
Â© Báº£n quyá»n thuá»™c vá» HoÃ ng HÃ´n Official
Â© Copyright by HoÃ ng HÃ´n Official â˜ Do not Reup",2025-04-15T10:18:20Z,UC74CatIFgb1a1Ff3IUD_f4w,HoÃ ng HÃ´n Official,24,"['hoÃ ng hÃ´n', 'hoang hon', 'hoÃ ng hÃ´n official', 'hoÃ ng hÃ´n tiktok', 'hoÃ ng hÃ´n hot tiktoker', 'hot tiktoker viá»‡t nam', 'tá»•ng há»£p tiktok', 'tá»•ng há»£p tik tok triá»‡u view', 'tá»•ng há»£p tiktok tiá»ƒu ngÃ¡o', 'táº¥u hÃ i', 'tiktok', 'best of tiktok', 'tiktok 2024', 'tik tok', 'tiktok trend', 'tiktok viá»‡t nam', 'trÃ o lÆ°u tik tok', 'clip hÃ i tik tok', 'clip hÃ i tiktok', 'hot tiktok', 'hot tiktoker', 'tá»•ng há»£p trend tiktok', 'tiktok nhiá»u view nháº¥t']",3733104,52859,257,PT36S,Entertainment
VLvBlG49BKA,thap drill tu do - nghiem tong prod. gaz,"indie vcl luon day
#mck #thapdrilltudo #nghiemtong
-------------------
Subscribe to my channel: https://metub.net/rptmck

Follow MCK:
Instagram: https://instagram.com/rpt.mckeyyyyy/
Facebook: https://www.facebook.com/hoanglongmck
SoundCloud: https://soundcloud.com/hoanglongnger

ThÃ´ng tin liÃªn há»‡ xin vui lÃ²ng gá»­i vá»: cdslthemovement@gmail.com

Báº£n quyá»n Video thuá»™c vá» MCK // Nger CDSL
Xin vui lÃ²ng liÃªn há»‡ trÆ°á»›c khi sá»­ dá»¥ng cÅ©ng nhÆ° re-upload dÆ°á»›i má»i hÃ¬nh thá»©c.",2025-04-13T09:22:31Z,UC8EB7c0E_TS4tpTQwMtv6fw,MCK // Nger,10,"['rpt mck', 'mck', 'nger', 'MCK', 'RPT MCK', 'MCK ThÃ¡p Drill Tá»± Do', 'Thap Drill Tu Do', 'Nghiem Tong', 'Gaz beat', 'MCK 2025', 'rap viet 2025', 'MCK drill', 'vietdrill', 'viet drill 2025', 'thap drill mck', 'mck live 2025', 'nháº¡c rap má»›i nháº¥t', 'rap freeverse', 'freestyle MCK', 'MCK Gaz', 'nháº¡c MCK má»›i', 'viet rap', 'nháº¡c underground', 'drill viet nam', 'nháº¡c hot 2025', 'mck rap', 'mck lyrics', 'mck stage', 'mck live stage', 'thap drill live', 'mck thap drill lyrics', 'nghiem tong mck', 'mck prod gaz']",8482129,158009,7759,PT1M47S,Music
