content_id,platform,title,content,created_at,source_id,source_name,category_id,category_name,tags,views,score,comment_count,duration,upvote_ratio,url,author
1jon7fj,reddit,It always spoils the mood,,2025-04-01 04:26:55,memes,memes,entertainment,Entertainment,[],0,1173,14,,0.99,https://i.redd.it/mhs82p1zh5se1.jpeg,Yoguls
1jzoguj,reddit,it's the premature balding,,2025-04-15 10:28:59,memes,memes,entertainment,Entertainment,[],0,1152,67,,0.93,https://i.redd.it/70g0bvub7zue1.jpeg,EverSoInfinite
1jt0kga,reddit,"Just why, Reddit?",,2025-04-06 18:15:17,memes,memes,entertainment,Entertainment,[],0,1132,13,,0.98,https://i.redd.it/h8edlogba9te1.jpeg,Callistoo-
1k45tbt,reddit,My brain works in mysterious ways,,2025-04-21 05:15:27,memes,memes,entertainment,Entertainment,[],0,1132,38,,0.94,https://i.redd.it/erbwzb3vg4we1.jpeg,Zman2647_Cooljoe
1jpm2xo,reddit,broccoli is kinda tasty tho,,2025-04-02 11:18:04,memes,memes,entertainment,Entertainment,[],0,1123,39,,0.98,https://i.redd.it/f9o3qmj8oese1.jpeg,superlocolillool
1k1yw1h,reddit,I think humanity made a sh...,,2025-04-18 07:09:45,memes,memes,entertainment,Entertainment,[],0,1118,15,,0.97,https://i.redd.it/qc9e8kpimjve1.jpeg,MahmoudAO
1k4bghl,reddit,Ok you don’t have to be so hostile geez…,,2025-04-21 11:43:35,memes,memes,entertainment,Entertainment,[],0,1115,87,,0.83,https://i.redd.it/ltz14414e6we1.jpeg,Late_Bridge1668
1jqdrkm,reddit,And Nintendo fans,,2025-04-03 09:16:36,memes,memes,entertainment,Entertainment,[],0,1102,62,,0.95,https://i.redd.it/klmyj0cc7lse1.jpeg,TheTrueOrangeGuy
1jwp7ge,reddit,Marked paths... 0/10,,2025-04-11 12:56:59,memes,memes,entertainment,Entertainment,[],0,1098,85,,0.9,https://i.redd.it/g4a99g41e7ue1.jpeg,Candle-Jolly
1jnzxgt,reddit,I’m rooting for the apple this time,,2025-03-31 10:21:01,memes,memes,entertainment,Entertainment,[],0,1094,23,,0.96,https://i.redd.it/68o7jgr240se1.png,Qibli-Comeback-Line
1k0uov9,reddit,She is overreacting now bruh,,2025-04-16 20:33:45,memes,memes,entertainment,Entertainment,[],0,1088,57,,0.95,https://i.redd.it/gv2w07x4c9ve1.png,Same_Investigator_46
1jmi9rr,reddit,When you the cat despite the warning,,2025-03-29 09:04:03,memes,memes,entertainment,Entertainment,[],0,1082,15,,0.96,https://i.redd.it/qpiggqjoglre1.jpeg,STI48
1k1ug3u,reddit,"Brace yourself, the winter is coming",,2025-04-18 02:35:40,memes,memes,entertainment,Entertainment,[],0,1090,49,,0.92,https://i.redd.it/0dokccdm9ive1.jpeg,TheWizardofLizard
1jti8jt,reddit,Imagine waking up to an Ai generated meme,,2025-04-07 10:42:42,memes,memes,entertainment,Entertainment,[],0,1076,25,,0.95,https://i.redd.it/ij9wz1fh6ete1.jpeg,Acubeisapolyhedron
1jrfpuq,reddit,How some of yall sound defending the multibillion dollar corporation,,2025-04-04 16:12:07,memes,memes,entertainment,Entertainment,[],0,1070,244,,0.85,https://i.redd.it/s92oa2wieuse1.jpeg,breath_ofthemild
1k5wf9l,reddit,It’s nearly old enough to start drinking!,,2025-04-23 11:07:34,memes,memes,entertainment,Entertainment,[],0,1067,42,,0.97,https://i.redd.it/vmhg6e2ihkwe1.jpeg,Odd_Black_Hole_2763
1jmmg3r,reddit,I wonder if there were any bugs.,,2025-03-29 13:37:04,memes,memes,entertainment,Entertainment,[],0,1059,21,,0.98,https://i.redd.it/6amz20zdtmre1.jpeg,styx24567
1jvfyf0,reddit,When potatoes,,2025-04-09 20:30:09,memes,memes,entertainment,Entertainment,[],0,1050,17,,0.97,https://i.redd.it/nfm1jj84dvte1.jpeg,RuiHarukawa
1k4hamw,reddit,I'll be burning in hell for this,,2025-04-21 16:14:02,memes,memes,entertainment,Entertainment,[],0,1054,20,,0.96,https://i.redd.it/10oo7u0dq7we1.jpeg,ElectricalCamp104
1jtfn7a,reddit,The look of needing an Oreo Cakesters at 1am.,,2025-04-07 07:31:46,memes,memes,entertainment,Entertainment,[],0,1052,66,,0.95,https://i.redd.it/tgk70m6f8dte1.jpeg,ThugosaurusFlex_1017
1jvy9we,reddit,Can't stop the scrolling,,2025-04-10 13:45:18,memes,memes,entertainment,Entertainment,[],0,1046,11,,0.98,https://i.redd.it/mawzsknsh0ue1.jpeg,Anschuz-3009
1k05ww2,reddit,"Me when the surgeon says ""what's that""",,2025-04-15 23:11:47,memes,memes,entertainment,Entertainment,[],0,1020,42,,0.98,https://i.redd.it/ffg8x6jez2ve1.jpeg,captainbunger125
1k0dncj,reddit,My friend who works at a cinema hates Minecraft now...,,2025-04-16 06:18:40,memes,memes,entertainment,Entertainment,[],0,1018,16,,0.98,https://i.redd.it/ucvnyu7h35ve1.png,FatDingo69
1juklef,reddit,Some guy left the North Sentinel Islanders some coke.,,2025-04-08 18:20:30,memes,memes,entertainment,Entertainment,[],0,1006,32,,0.95,https://i.redd.it/ehi0gjqzknte1.jpeg,Muhammad5777
1jx1llr,reddit,It's the same routine,,2025-04-11 21:49:08,memes,memes,entertainment,Entertainment,[],0,996,11,,0.99,https://i.redd.it/gjg6nx311aue1.jpeg,57evil
1k5hxf2,reddit,Guess what I'm doing rn,,2025-04-22 21:20:44,memes,memes,entertainment,Entertainment,[],0,996,52,,0.98,https://i.redd.it/uufiijyhdgwe1.png,Pristine-Magician-92
1jwbslw,reddit,And ya'll are still going to pre-order it,,2025-04-10 23:20:45,memes,memes,entertainment,Entertainment,[],0,992,150,,0.82,https://i.redd.it/90y3czrgc3ue1.png,Squatsoverjars
1jknt36,reddit,We're better than you,,2025-03-26 21:52:48,memes,memes,entertainment,Entertainment,[],0,976,36,,0.99,https://i.redd.it/ffnc06x0v3re1.jpeg,The_Watcher8008
1jnrofw,reddit,I'M SO DONE,,2025-03-31 01:11:00,memes,memes,entertainment,Entertainment,[],0,975,15,,0.96,https://i.redd.it/dbdzroq3exre1.png,FarPatient8056
1jo47yw,reddit,It'll be like that,,2025-03-31 14:15:49,memes,memes,entertainment,Entertainment,[],0,976,16,,0.98,https://v.redd.it/uavfakt3a1se1,Tiberiusthemad
1jlcvkq,reddit,or just use cap locks,,2025-03-27 20:32:58,memes,memes,entertainment,Entertainment,[],0,974,11,,0.97,https://i.redd.it/lsrtp4rrlare1.jpeg,AndreLinoge55
1jzo51v,reddit,HR do be snitching,,2025-04-15 10:06:47,memes,memes,entertainment,Entertainment,[],0,964,63,,0.96,https://i.redd.it/r3fmxn7d3zue1.png,Khantlerpartesar
1k5u0hf,reddit,They do be living the high life,,2025-04-23 08:22:49,memes,memes,entertainment,Entertainment,[],0,962,20,,0.98,https://i.redd.it/7rb2o614ojwe1.jpeg,SoullessMemenist
1k1dr5m,reddit,The only race I won,,2025-04-17 14:10:16,memes,memes,entertainment,Entertainment,[],0,949,17,,0.98,https://v.redd.it/r5y1cnpmkeve1,Dark_Naruto_106
1jyanau,reddit,The real struggle meals,,2025-04-13 15:46:54,memes,memes,entertainment,Entertainment,[],0,944,76,,0.94,https://i.redd.it/0byjd638imue1.png,Charming_Anywhere_89
1k1iqiy,reddit,Everything is lame when you're a teenager,,2025-04-17 17:36:55,memes,memes,entertainment,Entertainment,[],0,933,70,,0.94,https://i.redd.it/al0sverhlfve1.jpeg,claudiocorona93
1k6zt9o,reddit,Old memes are coming back,,2025-04-24 18:38:34,memes,memes,entertainment,Entertainment,[],0,1787,20,,0.98,https://i.redd.it/gmmcgervutwe1.jpeg,C3POXTC
1k3lq06,reddit,Happy Easter Guys,,2025-04-20 12:43:26,memes,memes,entertainment,Entertainment,[],0,933,56,,0.95,https://i.redd.it/z0kvk0kvjzve1.jpeg,MaskaradeBannana
1jubp9f,reddit,Movie villains be like:,,2025-04-08 11:54:47,memes,memes,entertainment,Entertainment,[],0,930,14,,0.99,https://i.redd.it/p3h61049olte1.jpeg,Commercial-Strain-39
1jzudcv,reddit,Nintendo lowering the price of their games? Get outta town!,,2025-04-15 15:12:37,memes,memes,entertainment,Entertainment,[],0,913,38,,0.96,https://i.redd.it/tdyo6wmxl0ve1.jpeg,overasked_question
1jkborm,reddit,Yup children what's up,,2025-03-26 13:24:16,memes,memes,entertainment,Entertainment,[],0,917,6,,0.99,https://i.redd.it/50mlk7bdc1re1.jpeg,RSLEGEND1986
1k6x2ih,reddit,feels bad man,,2025-04-24 16:48:20,memes,memes,entertainment,Entertainment,[],0,1539,12,,0.98,https://i.redd.it/ba3aja06btwe1.png,rcmaehl
1jwl2wx,reddit,"When you stop growing up, you start growing out",,2025-04-11 08:38:31,memes,memes,entertainment,Entertainment,[],0,901,13,,0.99,https://i.redd.it/4zrkfkcx36ue1.png,Random-Gif-Bot
1jwi453,reddit,Here you go...,,2025-04-11 05:04:16,memes,memes,entertainment,Entertainment,[],0,891,8,,0.98,https://i.redd.it/2w1bp3gq15ue1.jpeg,TalkaboutJoudy
1k3eer1,reddit,"Out of every other potential option, why Scooby Doo?!",,2025-04-20 04:20:56,memes,memes,entertainment,Entertainment,[],0,901,64,,0.95,https://i.redd.it/3k1yjg282xve1.jpeg,Dinoboy225
1jycggw,reddit,Peak flavor and texture,,2025-04-13 17:04:57,memes,memes,entertainment,Entertainment,[],0,884,33,,0.94,https://i.redd.it/bvouupj4wmue1.png,Yeetaboii
1k0jeyk,reddit,They still have protein if you cook them you psychopasth,,2025-04-16 12:40:06,memes,memes,entertainment,Entertainment,[],0,871,43,,0.93,https://i.redd.it/xokwbaumz6ve1.jpeg,vksdann
1jnj6gh,reddit,Antarctica,,2025-03-30 18:36:29,memes,memes,entertainment,Entertainment,[],0,871,9,,0.95,https://i.redd.it/ro4jzmfkfvre1.jpeg,PR0CR45T184T0R
1k2rs6v,reddit,I think it's always worth it,,2025-04-19 08:39:20,memes,memes,entertainment,Entertainment,[],0,868,17,,0.98,https://i.redd.it/rtbw5cye7rve1.jpeg,MahmoudAO
1jwwvmh,reddit,And somehow everyone is losing,,2025-04-11 18:25:59,memes,memes,entertainment,Entertainment,[],0,866,114,,0.93,https://i.redd.it/k2nct3es09ue1.jpeg,Negative-Shoe2875
1jmh6rq,reddit,It do be lyk dat,,2025-03-29 07:39:26,memes,memes,entertainment,Entertainment,[],0,864,10,,0.97,https://i.redd.it/swnkxhyk1lre1.png,Jesse_Pinkmaniac
1k3fl66,reddit,Rizz em with the risen,,2025-04-20 05:37:39,memes,memes,entertainment,Entertainment,[],0,859,6,,0.95,https://i.redd.it/a1z8qslhfxve1.png,BlatantBarbie
1k5vnax,reddit,People are finally understanding their use,,2025-04-23 10:18:38,memes,memes,entertainment,Entertainment,[],0,860,4,,0.98,https://i.redd.it/lie8v2rr8kwe1.gif,Lost_inthisworld2008
1jo5lbo,reddit,"16 mainline, and 100+ of you include spinoffs etc?",,2025-03-31 15:15:19,memes,memes,entertainment,Entertainment,[],0,857,69,,0.95,https://i.redd.it/zxp6ah7qk1se1.jpeg,gud_gamr
1jpjmfi,reddit,Ancient bungo wungo,,2025-04-02 08:21:49,memes,memes,entertainment,Entertainment,[],0,862,51,,0.92,https://i.redd.it/a40ju5gssdse1.jpeg,BoringLazyAndStupid
1jxx0q6,reddit,What? They're neat,,2025-04-13 01:56:06,memes,memes,entertainment,Entertainment,[],0,854,49,,0.98,https://i.redd.it/928kqb1zdiue1.jpeg,Educational-Show1918
1jmemoj,reddit,Good template,,2025-03-29 04:39:04,memes,memes,entertainment,Entertainment,[],0,852,16,,0.96,https://i.redd.it/0l6e88td5kre1.png,tomgreen99
1jxfcxz,reddit,"Ngl, the sub gone wilder than ever. Some folks definitely typing with one hand.",,2025-04-12 11:40:38,memes,memes,entertainment,Entertainment,[],0,848,31,,0.94,https://i.redd.it/tw4y57od5eue1.jpeg,STI48
1jmyja4,reddit,Ghibli who?,,2025-03-29 22:54:31,memes,memes,entertainment,Entertainment,[],0,839,134,,0.77,https://i.redd.it/h8mbn84skpre1.jpeg,_Answer_42
1k6nu2x,reddit,Can't blame them,,2025-04-24 09:17:50,memes,memes,entertainment,Entertainment,[],0,875,6,,0.99,https://i.redd.it/pkb9lsbu2rwe1.jpeg,cuteanimals11
1k56f86,reddit,Unpossible,,2025-04-22 13:33:26,memes,memes,entertainment,Entertainment,[],0,846,18,,0.97,https://i.redd.it/4m5mjf6m2ewe1.jpeg,Shiroyasha_2308
1jy6sek,reddit,It's the only logical answer,,2025-04-13 12:43:35,memes,memes,entertainment,Entertainment,[],0,835,12,,0.98,https://i.redd.it/17i0jgsillue1.jpeg,MahmoudAO
1jlz8z0,reddit,Lil scrub daddy,,2025-03-28 16:34:51,memes,memes,entertainment,Entertainment,[],0,836,10,,0.95,https://i.redd.it/4zc4pe87kgre1.jpeg,Straight_Bottle_7670
1jp4g6o,reddit,It's two more buttons,,2025-04-01 19:29:07,memes,memes,entertainment,Entertainment,[],0,827,216,,0.89,https://i.redd.it/1vr1uyqxy9se1.jpeg,WithArsenicSauce
1k1l12p,reddit,Hey what's that knife for?,,2025-04-17 19:11:38,memes,memes,entertainment,Entertainment,[],0,818,22,,0.99,https://i.redd.it/98qr5hce2gve1.jpeg,adkio
1jt9cvr,reddit,Warm toilet seat,,2025-04-07 01:04:12,memes,memes,entertainment,Entertainment,[],0,816,12,,0.98,https://i.redd.it/l3893ax9bbte1.jpeg,berdyev
1k19kmd,reddit,The entire NS-31 crew do be like this,,2025-04-17 10:35:18,memes,memes,entertainment,Entertainment,[],0,807,35,,0.94,https://i.redd.it/7ie1444aidve1.jpeg,Kelvavion
1k2sts6,reddit,"""ants vs termites"" is my favorite",,2025-04-19 09:57:35,memes,memes,entertainment,Entertainment,[],0,817,11,,0.99,https://i.redd.it/qd01ifddlrve1.png,Khantlerpartesar
1jpjrtk,reddit,Why are they like this bruh,,2025-04-02 08:33:41,memes,memes,entertainment,Entertainment,[],0,797,21,,0.98,https://i.redd.it/ckts4lqwudse1.jpeg,Careful-Fix-1265
1jl46mf,reddit,"Wow, many funny, much interesting",,2025-03-27 13:41:46,memes,memes,entertainment,Entertainment,[],0,805,7,,0.97,https://i.redd.it/nc3bmnlek8re1.jpeg,Notreallyherenemore
1jksibt,reddit,Dammit not during my beat off time,,2025-03-27 01:28:22,memes,memes,entertainment,Entertainment,[],0,787,32,,0.98,https://i.redd.it/shu6718kx4re1.jpeg,Purplecowpig
1jw96re,reddit,What can i say...,,2025-04-10 21:22:13,memes,memes,entertainment,Entertainment,[],0,790,6,,0.98,https://i.redd.it/ov980z2br2ue1.png,ReceptionInformal749
1k6pzu0,reddit,I am glad we got to time travel,,2025-04-24 11:37:06,memes,memes,entertainment,Entertainment,[],0,840,14,,0.94,https://i.redd.it/9tjbqirnrrwe1.png,BrokenReiswaffle
1jkxung,reddit,01000001001000000111010001101001011101000110110001100101,,2025-03-27 06:43:46,memes,memes,entertainment,Entertainment,[],0,782,17,,0.98,https://i.redd.it/vuh17dvth6re1.jpeg,Klausensen
1jtxw2i,reddit,We already have something in common,,2025-04-07 22:13:32,memes,memes,entertainment,Entertainment,[],0,781,20,,0.97,https://i.redd.it/hv5x45mqlhte1.jpeg,mullercupper
1jxf6sd,reddit,Which of you did it?,,2025-04-12 11:29:55,memes,memes,entertainment,Entertainment,[],0,776,15,,0.96,https://i.redd.it/8khh1d3g3eue1.jpeg,idkidkmaybe
1juzq65,reddit,How chaotic are your reading habits?,,2025-04-09 07:03:57,memes,memes,entertainment,Entertainment,[],0,771,67,,0.98,https://i.redd.it/uwlsrd2adrte1.jpeg,AmbitiousFox8007
1k3lq0s,reddit,"It's either the best song or it's a garbage, there's no middle ground",,2025-04-20 12:43:27,memes,memes,entertainment,Entertainment,[],0,779,59,,0.97,https://i.redd.it/v0p23ztujzve1.jpeg,Joessmoey
1k19xsr,reddit,Send some prayers,,2025-04-17 10:58:52,memes,memes,entertainment,Entertainment,[],0,764,35,,0.98,https://i.redd.it/sbpcqdehmdve1.jpeg,paulb_exe
1k220mm,reddit,anti-demon,,2025-04-18 10:51:01,memes,memes,entertainment,Entertainment,[],0,765,26,,0.96,https://i.redd.it/ehv867szpkve1.png,AntarticOcean
1k4eh8u,reddit,the struggle is real,,2025-04-21 14:10:51,memes,memes,entertainment,Entertainment,[],0,755,14,,0.96,https://i.redd.it/nicg8q1c47we1.png,willis7747
1jyxm3v,reddit,The Strongest of Boys,,2025-04-14 12:27:56,memes,memes,entertainment,Entertainment,[],0,744,2,,0.99,https://i.redd.it/iin9fl6nnsue1.jpeg,leonk701
1jzumac,reddit,Being an actor is way harder,,2025-04-15 15:22:30,memes,memes,entertainment,Entertainment,[],0,744,8,,0.97,https://i.redd.it/9179wr6pn0ve1.jpeg,ManagerOfLove
1ju8phx,reddit,what treasures ya hoardin’?,,2025-04-08 08:32:41,memes,memes,entertainment,Entertainment,[],0,742,20,,0.97,https://i.redd.it/0dstwn47okte1.jpeg,Dark_Naruto_106
1jrnstb,reddit,What a lazy asshole,,2025-04-04 21:54:02,memes,memes,entertainment,Entertainment,[],0,742,14,,0.96,https://i.redd.it/azg2opth3wse1.jpeg,God-2008
1js7nl2,reddit,dang smart for a cop!,,2025-04-05 16:43:11,memes,memes,entertainment,Entertainment,[],0,742,3,,0.98,https://i.redd.it/3mno076yo1te1.png,AmpovHater
1k6m0rv,reddit,Delicious indeed,,2025-04-24 07:05:25,memes,memes,entertainment,Entertainment,[],0,744,16,,0.99,https://i.redd.it/gzyqk7s6fqwe1.jpeg,amarrathore045
1k12t7h,reddit,Happy slapping!,,2025-04-17 03:00:52,memes,memes,entertainment,Entertainment,[],0,742,14,,0.98,https://i.redd.it/b3y8gw979bve1.jpeg,roodeeMental
1jorhza,reddit,My biggest fan,,2025-04-01 09:31:54,memes,memes,entertainment,Entertainment,[],0,730,8,,0.98,https://i.redd.it/oy9odvvd07se1.jpeg,GlipGlopKing28
1k60qur,reddit,Third time's a charm?,,2025-04-23 14:36:29,memes,memes,entertainment,Entertainment,[],0,738,62,,0.88,https://i.redd.it/ltkrs4qpilwe1.jpeg,AdvertisingLogical22
1jmylf7,reddit,One of my greatest accomplishments.,,2025-03-29 22:57:29,memes,memes,entertainment,Entertainment,[],0,726,14,,0.99,https://i.redd.it/cm0vhnkdlpre1.jpeg,AurisSaveye
1k75f7v,reddit,Hypehypehype,,2025-04-24 22:33:45,memes,memes,entertainment,Entertainment,[],0,10946,32,,0.99,https://i.redd.it/v8ep259u0vwe1.jpeg,Rigspolitiet
1jralig,reddit,I'm sure Nintendo cares so much about your support!,,2025-04-04 12:25:18,memes,memes,entertainment,Entertainment,[],0,701,171,,0.79,https://i.redd.it/956ur3q1atse1.png,Corvo_Attano-
1jmg2j7,reddit,Couldve skipped so much work,,2025-03-29 06:16:09,memes,memes,entertainment,Entertainment,[],0,709,14,,0.95,https://i.redd.it/9xw5h96qmkre1.jpeg,AvocadoPrinz
1k20pta,reddit,The r in Gary,,2025-04-18 09:22:53,memes,memes,entertainment,Entertainment,[],0,707,13,,0.97,https://i.redd.it/zivzrxu9akve1.jpeg,Limp-Direction-5668
1jo8tpw,reddit,One brick to rule them all..,,2025-03-31 17:29:09,memes,memes,entertainment,Entertainment,[],0,702,13,,0.98,https://i.redd.it/o0b35vam82se1.jpeg,Necessary-Rip-6612
1jkr5rp,reddit,[NC) average redditor,,2025-03-27 00:21:50,memes,memes,entertainment,Entertainment,[],0,694,44,,0.91,https://v.redd.it/8mbjkb8ml4re1,Organic-Analyst7066
1k6zlum,reddit,Wouldn’t be the same without him,,2025-04-24 18:30:06,memes,memes,entertainment,Entertainment,[],0,2971,12,,0.99,https://i.redd.it/8n9hivcdttwe1.jpeg,TheRealShipdit
1jzfnhc,reddit,Open to suggestions... and piracy of all kind.,,2025-04-15 01:24:51,memes,memes,entertainment,Entertainment,[],0,687,57,,0.92,https://i.redd.it/hydg3b39iwue1.jpeg,Algernonletter5
1jlrqwq,reddit,Happens every time,,2025-03-28 10:13:33,memes,memes,entertainment,Entertainment,[],0,691,13,,0.98,https://i.redd.it/q1nz5e36oere1.png,FarPatient8056
1jqnxc9,reddit,"I would have called it ""Switch series N""",,2025-04-03 17:04:33,memes,memes,entertainment,Entertainment,[],0,679,91,,0.91,https://i.redd.it/84yg5zcrinse1.png,Plerti
1k41hds,reddit,Still luv u tho bro,,2025-04-21 01:10:41,memes,memes,entertainment,Entertainment,[],0,685,11,,0.97,https://v.redd.it/lfhgwxx693we1,Whole-Regret2346
1k0vkn0,reddit,Foraging for memes,,2025-04-16 21:10:37,memes,memes,entertainment,Entertainment,[],0,683,37,,0.95,https://i.redd.it/96fpungki9ve1.jpeg,Maiberaa
1k6qvw9,reddit,Rage comics in 2025?,,2025-04-24 12:25:10,memes,memes,entertainment,Entertainment,[],0,774,11,,0.97,https://i.redd.it/vuwu59w80swe1.jpeg,new_main_character
1jt0dbq,reddit,"I was expected a yes or a no I guess, took me off guard",,2025-04-06 18:06:50,memes,memes,entertainment,Entertainment,[],0,671,173,,0.9,https://i.redd.it/og47gdat89te1.jpeg,DataSittingAlone
1jy8942,reddit,Blblblblbl,,2025-04-13 13:57:44,memes,memes,entertainment,Entertainment,[],0,669,4,,0.98,https://v.redd.it/ytm23tkqylue1,idkidkmaybe
1jmhtit,reddit,Reddit truly fascinates me sometimes,,2025-03-29 08:28:31,memes,memes,entertainment,Entertainment,[],0,669,107,,0.82,https://i.redd.it/3cals7pbalre1.jpeg,Tjamuil
1k6od02,reddit,Damn this sucks bro,,2025-04-24 09:55:33,memes,memes,entertainment,Entertainment,[],0,688,4,,0.98,https://i.redd.it/bzqhzv3f9rwe1.png,MikeTorsson
1josu6q,reddit,... bring back the original!,,2025-04-01 11:03:01,memes,memes,entertainment,Entertainment,[],0,659,29,,0.92,https://i.redd.it/ra6pj8deg7se1.jpeg,chloralhydrat
1k05461,reddit,if only...,,2025-04-15 22:35:02,memes,memes,entertainment,Entertainment,[],0,666,78,,0.75,https://i.redd.it/z3wsu77us2ve1.png,cloudfold
1jtkrrf,reddit,I'm smaller and she is heavier...,,2025-04-07 13:05:09,memes,memes,entertainment,Entertainment,[],0,657,19,,0.96,https://i.redd.it/98277oawvete1.jpeg,Careful-Fix-1265
1jr6ogv,reddit,I think I cook 🤡,,2025-04-04 08:04:15,memes,memes,entertainment,Entertainment,[],0,644,112,,0.94,https://i.redd.it/6wczb98hzrse1.jpeg,StoicLearner_
1jk5u3x,reddit,9 out 10 my ass.,,2025-03-26 06:57:47,memes,memes,entertainment,Entertainment,[],0,643,8,,0.98,https://i.redd.it/2cu53j0ffzqe1.jpeg,Madness_69
1jv9g7e,reddit,she is okay now,,2025-04-09 16:04:34,memes,memes,entertainment,Entertainment,[],0,639,41,,0.94,https://i.redd.it/hl7nhc8q1ute1.jpeg,Nonsense7740
1jk8ql9,reddit,It do be like dat,,2025-03-26 10:37:55,memes,memes,entertainment,Entertainment,[],0,633,50,,0.96,https://i.redd.it/l2wi35ooi0re1.png,DonManolador
1jndlm4,reddit,Tomatoes are indeed vegetables.,,2025-03-30 14:27:56,memes,memes,entertainment,Entertainment,[],0,623,320,,0.77,https://i.redd.it/9umm0hmd7ure1.jpeg,LuigiBamba
1jxisre,reddit,Everything's fine I guess,,2025-04-12 14:40:35,memes,memes,entertainment,Entertainment,[],0,625,69,,0.91,https://i.redd.it/jmf6gdtm0fue1.png,lizardil
1joowmr,reddit,I can never understand them,,2025-04-01 06:18:33,memes,memes,entertainment,Entertainment,[],0,623,39,,0.97,https://i.redd.it/089hpbiv16se1.jpeg,IMightBeRom
1k0qwe1,reddit,i prefer authentic,,2025-04-16 17:58:00,memes,memes,entertainment,Entertainment,[],0,619,9,,0.97,https://i.redd.it/qs65kqu9k8ve1.png,Dee_Cider
1jznwwe,reddit,"We don‘t have he/she/it. We just say ""O"" for 3rd person",,2025-04-15 09:51:54,memes,memes,entertainment,Entertainment,[],0,617,163,,0.87,https://i.redd.it/inuo4lmp0zue1.jpeg,CrysisFan2007
1k6ho06,reddit,We have gone full circle,,2025-04-24 02:45:11,memes,memes,entertainment,Entertainment,[],0,627,18,,0.97,https://i.redd.it/65olsqas4pwe1.jpeg,No_Celebration3973
1k4fzpe,reddit,Don’t debate with dummies,,2025-04-21 15:13:45,memes,memes,entertainment,Entertainment,[],0,620,34,,0.98,https://i.redd.it/1wq7f0slf7we1.jpeg,CrunchyCrochetSoup
1jyr8rh,reddit,"I'm tired, boss",,2025-04-14 05:17:03,memes,memes,entertainment,Entertainment,[],0,621,15,,0.98,https://i.redd.it/ix6ghqkrique1.jpeg,Ronathan64
1k63z2t,reddit,What about no?,,2025-04-23 16:46:54,memes,memes,entertainment,Entertainment,[],0,615,6,,0.97,https://i.redd.it/3jc1lkp16mwe1.jpeg,AvocadoPrinz
1jtn933,reddit,Honestly speaking,,2025-04-07 14:56:44,memes,memes,entertainment,Entertainment,[],0,609,45,,0.98,https://i.redd.it/0rcs5w3tffte1.jpeg,CoolGamer730
1jwpd0c,reddit,Nooo don't do this to me,,2025-04-11 13:04:18,memes,memes,entertainment,Entertainment,[],0,610,30,,0.97,https://i.redd.it/40efuk3ef7ue1.jpeg,MahmoudAO
1jyitzl,reddit,Last comments on reddit posts lately...,,2025-04-13 21:40:48,memes,memes,entertainment,Entertainment,[],0,606,85,,0.95,https://i.redd.it/xbiw7c2d9oue1.jpeg,HamedAliKhan
1k20t2j,reddit,Damn it. Now gotta wait till next time.,,2025-04-18 09:29:20,memes,memes,entertainment,Entertainment,[],0,611,9,,0.98,https://i.redd.it/81aecj6ebkve1.gif,Shiroyasha_2308
1joy49b,reddit,Lol I could see a show about it,,2025-04-01 15:16:19,memes,memes,entertainment,Entertainment,[],0,600,6,,0.96,https://i.redd.it/pzx1ip1up8se1.jpeg,Satori223
1k3pp33,reddit,What do you think?,,2025-04-20 15:56:40,memes,memes,entertainment,Entertainment,[],0,596,26,,0.98,https://i.redd.it/oi3phvlci0we1.jpeg,_The_Van_
1jwuqiy,reddit,"A little fragile, wouldn't you say?",,2025-04-11 16:56:45,memes,memes,entertainment,Entertainment,[],0,597,11,,0.95,https://i.redd.it/se8fgu8vk8ue1.jpeg,AimlessFacade
1js4wv1,reddit,What does this mean exactly?,,2025-04-05 14:39:22,memes,memes,entertainment,Entertainment,[],0,598,27,,0.93,https://i.redd.it/zz535dyv21te1.jpeg,Responsible_Milk_181
1k5s1rx,reddit,Wake up buddy!!!,,2025-04-23 06:02:04,memes,memes,entertainment,Entertainment,[],0,586,31,,0.95,https://i.redd.it/xdxpmu10ziwe1.jpeg,27-Eleven
1jyxrq7,reddit,Flying too close to the sun with this one...,,2025-04-14 12:35:53,memes,memes,entertainment,Entertainment,[],0,574,17,,0.97,https://i.redd.it/lvy4vcx1psue1.png,HamedAliKhan
1k4hdie,reddit,We love cats,,2025-04-21 16:17:09,memes,memes,entertainment,Entertainment,[],0,585,5,,0.98,https://i.redd.it/no96fd2rq7we1.jpeg,Far-Base7086
1k1bz76,reddit,Yeah... Maybe next time,,2025-04-17 12:49:51,memes,memes,entertainment,Entertainment,[],0,569,12,,0.98,https://i.redd.it/ld8zfo9a6eve1.png,SonicTheBag
1k5zpib,reddit,Guess I'm next :),,2025-04-23 13:52:15,memes,memes,entertainment,Entertainment,[],0,578,6,,0.99,https://i.redd.it/xwcegz1valwe1.jpeg,TrigunFlux
1jyatj4,reddit,Inception.,,2025-04-13 15:54:29,memes,memes,entertainment,Entertainment,[],0,577,7,,0.96,https://i.redd.it/jsmid33ajmue1.jpeg,radioespantoso
1k2cerr,reddit,Cats be like...,,2025-04-18 18:46:06,memes,memes,entertainment,Entertainment,[],0,576,4,,0.99,https://i.redd.it/bo22io8r2nve1.jpeg,majcek
1jp9mm1,reddit,Haiku and Sumi-e are awesome,,2025-04-01 23:03:38,memes,memes,entertainment,Entertainment,[],0,565,33,,0.94,https://i.redd.it/dx9ro7h71bse1.jpeg,Raiden_Raitoningu
1jnslf6,reddit,"don’t worry about me, I’ll sleep",,2025-03-31 02:01:14,memes,memes,entertainment,Entertainment,[],0,571,18,,0.97,https://i.redd.it/u60pcxi2nxre1.jpeg,Mundane-Ad2475
1jxu71o,reddit,You are WRONG!,,2025-04-12 23:21:28,memes,memes,entertainment,Entertainment,[],0,560,41,,0.94,https://i.redd.it/qe5tzbvemhue1.gif,No-Appearance-2015
1jre8w7,reddit,Soft and squishy or powerful and overwhelming?,,2025-04-04 15:10:59,memes,memes,entertainment,Entertainment,[],0,559,133,,0.92,https://i.redd.it/hen79l5m3use1.jpeg,Dinoboy225
1jt52ad,reddit,Seemed fun at the time,,2025-04-06 21:31:22,memes,memes,entertainment,Entertainment,[],0,563,12,,0.98,https://i.redd.it/jocweh0b9ate1.jpeg,Whole-Regret2346
1jsls4c,reddit,I'm way behind,,2025-04-06 04:14:36,memes,memes,entertainment,Entertainment,[],0,557,10,,0.98,https://i.redd.it/he4vv1v045te1.jpeg,jkman
1jlyn9f,reddit,We have like multiple movies warning us about this.,,2025-03-28 16:08:19,memes,memes,entertainment,Entertainment,[],0,556,30,,0.94,https://v.redd.it/5gq3kwagfgre1,coolsteelboyS4ndyBoy
1k2f68o,reddit,Remember when Disney used to be good?,,2025-04-18 20:45:20,memes,memes,entertainment,Entertainment,[],0,559,65,,0.84,https://i.redd.it/687k3u40onve1.jpeg,MegapichuYT0
1jvgrc9,reddit,Dreams & Reality,,2025-04-09 21:04:24,memes,memes,entertainment,Entertainment,[],0,553,14,,0.97,https://i.redd.it/2se9bpx7jvte1.jpeg,TypicalDumbRedditGuy
1jkfsbs,reddit,Sad reality,,2025-03-26 16:23:01,memes,memes,entertainment,Entertainment,[],0,556,9,,0.99,https://i.redd.it/77s2rgi982re1.jpeg,HungaryaRoli
1jrxdcc,reddit,The future.,,2025-04-05 06:41:30,memes,memes,entertainment,Entertainment,[],0,550,23,,0.98,https://i.redd.it/89md6hmmpyse1.jpeg,Digim0rt4l
1jqk7hy,reddit,Nintendo sucks,,2025-04-03 14:40:25,memes,memes,entertainment,Entertainment,[],0,545,42,,0.87,https://i.redd.it/9ny8drn8tmse1.jpeg,ArtofThisWorld
1jv745v,reddit,"No color now, only blue :(",,2025-04-09 14:27:38,memes,memes,entertainment,Entertainment,[],0,544,49,,0.96,https://i.redd.it/8064mu6bktte1.png,gameinglord1111222
1jv8rnl,reddit,Peak male behaviour.,,2025-04-09 15:36:39,memes,memes,entertainment,Entertainment,[],0,538,8,,0.98,https://i.redd.it/st0slswqwtte1.jpeg,MercenaryAlpha99
1jzmlq1,reddit,Farming aura 101,,2025-04-15 08:18:43,memes,memes,entertainment,Entertainment,[],0,539,3,,0.97,https://i.redd.it/38tgfi63kyue1.jpeg,thedarkracer
1ju8jm7,reddit,"The G in ""Top G"" is for Glistening",,2025-04-08 08:20:07,memes,memes,entertainment,Entertainment,[],0,529,24,,0.95,https://i.redd.it/ymmipr1nlkte1.jpeg,parmsib
1jqcvgq,reddit,Duck and weave,,2025-04-03 08:16:14,memes,memes,entertainment,Entertainment,[],0,527,10,,0.99,https://i.redd.it/j5yodfedwkse1.jpeg,Marsupial-731
1jm1usb,reddit,I'm not very good at math,,2025-03-28 18:24:09,memes,memes,entertainment,Entertainment,[],0,533,23,,0.97,https://i.redd.it/rni6afgo3hre1.gif,knj23
1k276x1,reddit,“What did I just type???!!” 💀💀,,2025-04-18 15:07:48,memes,memes,entertainment,Entertainment,[],0,527,45,,0.97,https://i.redd.it/msv1ae4tzlve1.gif,CleanMeme129
1jo0q8r,reddit,Kermit the Frog jokes are still funny😂,,2025-03-31 11:14:43,memes,memes,entertainment,Entertainment,[],0,518,16,,0.92,https://i.redd.it/7crtz1ftd0se1.jpeg,Xx_Di3_L1t_D3m00n_xX
1k301n7,reddit,You can not C in Dark,,2025-04-19 16:21:35,memes,memes,entertainment,Entertainment,[],0,514,27,,0.85,https://i.redd.it/87pju8ovhtve1.jpeg,General_Falkenhayn
1judu6w,reddit,No Need To Thank Me,,2025-04-08 13:41:21,memes,memes,entertainment,Entertainment,[],0,515,10,,0.96,https://i.redd.it/6ytsp4f87mte1.png,HalfDeadHughes
1k54n0b,reddit,So many things these days,,2025-04-22 12:06:06,memes,memes,entertainment,Entertainment,[],0,512,33,,0.92,https://i.redd.it/jw8e3a81ndwe1.jpeg,localgunplaguy
1k3kqcs,reddit,Paris of the new generation,,2025-04-20 11:44:53,memes,memes,entertainment,Entertainment,[],0,509,10,,0.98,https://i.redd.it/bleblcte9zve1.png,Fun-Raisin2575
1k3mwon,reddit,Happy Easter,,2025-04-20 13:46:20,memes,memes,entertainment,Entertainment,[],0,509,3,,0.98,https://i.redd.it/rvw4g7g3vzve1.jpeg,MrMrMarioBro5555
1jseqpk,reddit,He can go f**k off with Grandpa Joe,,2025-04-05 21:55:16,memes,memes,entertainment,Entertainment,[],0,500,28,,0.96,https://i.redd.it/fp13ccon83te1.jpeg,God-2008
1jmyngv,reddit,This studio Ghibli trend is a dystopian reality,,2025-03-29 23:00:20,memes,memes,entertainment,Entertainment,[],0,504,49,,0.85,https://v.redd.it/jm3tp2golpre1,GalaxyBombom
1k3ews6,reddit,Math (adding this so I can reach character minimum),,2025-04-20 04:53:05,memes,memes,entertainment,Entertainment,[],0,504,7,,0.97,https://v.redd.it/d6gasyly7xve1,Mental-Board-5590
1jsod8f,reddit,WORK. OUT.,,2025-04-06 07:07:51,memes,memes,entertainment,Entertainment,[],0,498,15,,0.96,https://i.redd.it/vcqlvpp8z5te1.jpeg,Sujay4570
1jl546h,reddit,Why is it actually happening again?,,2025-03-27 14:25:11,memes,memes,entertainment,Entertainment,[],0,496,106,,0.96,https://i.redd.it/qmev3uu4s8re1.png,peadud
1k41cik,reddit,I hate those kinds of advertisements. Just play the game normally!,,2025-04-21 01:03:36,memes,memes,entertainment,Entertainment,[],0,495,17,,0.97,https://i.redd.it/qx1l3mgx73we1.jpeg,HowlingBurd19
1jqhrha,reddit,Did this really happen?,,2025-04-03 12:58:35,memes,memes,entertainment,Entertainment,[],0,493,20,,0.99,https://i.redd.it/oxfspjg2bmse1.jpeg,lady_sparx
1jp3qje,reddit,We're like family here,,2025-04-01 19:00:41,memes,memes,entertainment,Entertainment,[],0,493,10,,0.99,https://i.redd.it/jj8xvvyut9se1.jpeg,BakingBrownBread
1jo0ede,reddit,Squeegeeing for the win,,2025-03-31 10:53:22,memes,memes,entertainment,Entertainment,[],0,493,94,,0.89,https://i.redd.it/wbieyrb0a0se1.jpeg,PeevesPoltergist
1joielb,reddit,Every. Year.,,2025-04-01 00:13:51,memes,memes,entertainment,Entertainment,[],0,485,5,,0.99,https://i.redd.it/rmojoipt84se1.jpeg,Shadow32xyz
1jmjwvl,reddit,Lmaoo wtf did is this,,2025-03-29 11:06:54,memes,memes,entertainment,Entertainment,[],0,493,20,,0.91,https://v.redd.it/xa5o43nl2mre1,LosThaGoat24
1jl6gvj,reddit,They are better dog toys than actual dog toys,,2025-03-27 15:23:09,memes,memes,entertainment,Entertainment,[],0,490,16,,0.99,https://i.redd.it/ghpjq4uh29re1.jpeg,NoNotice2137
1jsbdko,reddit,"Don’t worry, Skynet’s paying.",,2025-04-05 19:24:19,memes,memes,entertainment,Entertainment,[],0,488,29,,0.83,https://i.redd.it/hx4ce41qh2te1.jpeg,N/A
1jvugd0,reddit,i've always wondered how they know so much,,2025-04-10 10:16:56,memes,memes,entertainment,Entertainment,[],0,488,28,,0.98,https://i.redd.it/1w4oms8kgzte1.jpeg,Daytem
1k55jai,reddit,Can't say they didn't warn us...,,2025-04-22 12:52:33,memes,memes,entertainment,Entertainment,[],0,485,40,,0.9,https://i.redd.it/znbe8kc1vdwe1.jpeg,AdvertisingLogical22
1jvsd3w,reddit,Three days gone 😕,,2025-04-10 07:43:28,memes,memes,entertainment,Entertainment,[],0,472,6,,0.97,https://i.redd.it/o3ndhgn8pyte1.jpeg,ObsidianVibes
1jrkvcz,reddit,The Universe is under no obligation to make sense to you.....,,2025-04-04 19:48:39,memes,memes,entertainment,Entertainment,[],0,471,12,,0.96,https://i.redd.it/s8b6ged5hvse1.png,BandicootFriendly225
1joxv94,reddit,Just give him pizza man,,2025-04-01 15:05:57,memes,memes,entertainment,Entertainment,[],0,475,7,,0.97,https://i.redd.it/pl6oq8zyn8se1.jpeg,Forward_Zebra_2092
1jkftba,reddit,In the not so distant future,,2025-03-26 16:24:09,memes,memes,entertainment,Entertainment,[],0,471,39,,0.92,https://i.redd.it/wfuyky2g82re1.jpeg,Individual_Low9662
1jx4uos,reddit,Hyperfocus giveth and it taketh away,,2025-04-12 00:26:47,memes,memes,entertainment,Entertainment,[],0,473,9,,0.97,https://i.redd.it/281mfbm5taue1.jpeg,Frozo7745
1jpmo4h,reddit,10min characters do be a lot,,2025-04-02 11:52:34,memes,memes,entertainment,Entertainment,[],0,469,15,,0.91,https://i.redd.it/89moiw4euese1.jpeg,tiagoremixv3
1jxv1lq,reddit,"Nah,  your brains are already fine",,2025-04-13 00:05:49,memes,memes,entertainment,Entertainment,[],0,470,6,,0.94,https://i.redd.it/zdrs4fvbuhue1.jpeg,GreenMoskito
1jvdqpy,reddit,Will I get a raise?  Inflation would be a lot cooler if I did.,,2025-04-09 18:58:42,memes,memes,entertainment,Entertainment,[],0,454,17,,0.97,https://i.imgflip.com/9qagm3.jpg,obliviousfalconer
1jtjagg,reddit,I luh playing on da phone,,2025-04-07 11:47:31,memes,memes,entertainment,Entertainment,[],0,459,16,,0.97,https://i.redd.it/2q82zbw1iete1.jpeg,sixfrog
1k2hqj1,reddit,Alcohol is for losers 💀🥸(possibly NSFW),,2025-04-18 22:41:05,memes,memes,entertainment,Entertainment,[],0,461,39,,0.78,https://i.redd.it/kx6vxxdo8ove1.jpeg,Salt_Thanks8951
1jnduj8,reddit,Like dude what the hell,,2025-03-30 14:39:40,memes,memes,entertainment,Entertainment,[],0,458,57,,0.87,https://i.redd.it/c2v5hxge9ure1.jpeg,The_Watcher8008
1k1rek4,reddit,Rob knew how to draw the whole time,,2025-04-17 23:56:05,memes,memes,entertainment,Entertainment,[],0,444,27,,0.91,https://i.redd.it/7nxhpdd5hhve1.jpeg,BILoveBILife
1k56pny,reddit,English Language is Weird,,2025-04-22 13:46:41,memes,memes,entertainment,Entertainment,[],0,449,32,,0.97,https://i.redd.it/nnkop7ey4ewe1.jpeg,aasi_hazar_ka_jhoota
1jwzbz8,reddit,I seriously need to lose some weight 😓,,2025-04-11 20:10:34,memes,memes,entertainment,Entertainment,[],0,448,8,,0.98,https://i.redd.it/2uodofyfj9ue1.jpeg,SuccessKey6355
1k0q48d,reddit,Have you seen her? Tell me have you seen her?,,2025-04-16 17:26:32,memes,memes,entertainment,Entertainment,[],0,446,11,,0.96,https://i.redd.it/usiaac8qe8ve1.gif,Darwin_Finch
1k1wn95,reddit,I paid extra… to suffer in two countries.,,2025-04-18 04:41:15,memes,memes,entertainment,Entertainment,[],0,442,15,,0.97,https://i.redd.it/8y2q4pw0wive1.jpeg,ruthlessdamien2
1jxb2jn,reddit,It's pronounced fuh-naff,,2025-04-12 06:34:06,memes,memes,entertainment,Entertainment,[],0,441,6,,0.96,https://i.redd.it/g8vf4ronmcue1.png,Clowncord
1jzuxwm,reddit,Why are you like this?,,2025-04-15 15:35:23,memes,memes,entertainment,Entertainment,[],0,436,8,,0.97,https://i.redd.it/8ouprtmzp0ve1.jpeg,claudiocorona93
1k41it7,reddit,Weezer meme,,2025-04-21 01:12:47,memes,memes,entertainment,Entertainment,[],0,433,5,,0.98,https://i.redd.it/liceq6hk93we1.jpeg,Rdr2fan133
1k5befi,reddit,r/technicallythetruth,,2025-04-22 16:59:07,memes,memes,entertainment,Entertainment,[],0,432,1,,0.97,https://i.redd.it/bidhyn8b3fwe1.png,spongeguyspeedster
1jwob01,reddit,Chicken Jockey!,,2025-04-11 12:10:50,memes,memes,entertainment,Entertainment,[],0,427,4,,0.94,https://i.redd.it/ltssg4uu57ue1.gif,LukeAvio
1jvsxh9,reddit,Now let me cry peacefully 😭,,2025-04-10 08:27:03,memes,memes,entertainment,Entertainment,[],0,424,5,,0.98,https://i.redd.it/3m503660xyte1.png,Full-Call1570
1jm2e80,reddit,No sleep for me,,2025-03-28 18:47:01,memes,memes,entertainment,Entertainment,[],0,420,61,,0.9,https://i.redd.it/rsuqc0zr7hre1.png,FarPatient8056
1jr34q4,reddit,What If I Told You We Were Putting A Team Together?,,2025-04-04 04:10:45,memes,memes,entertainment,Entertainment,[],0,426,35,,0.92,https://i.redd.it/3xcmf8sstqse1.jpeg,TheBoyWhoCriedGolf
1jtjj7q,reddit,It appears that humanity’s combined IQ and EQ has declined since the rise of social media.,,2025-04-07 12:01:28,memes,memes,entertainment,Entertainment,[],0,423,34,,0.93,https://i.redd.it/kosnqygjkete1.jpeg,BrickAntique5284
1jllttl,reddit,It do be that way,,2025-03-28 03:23:07,memes,memes,entertainment,Entertainment,[],0,414,108,,0.82,https://i.redd.it/n7ba7xfwmcre1.jpeg,MMewtwosaysbye
1k4p0d5,reddit,What happens when you get horny:,,2025-04-21 21:20:36,memes,memes,entertainment,Entertainment,[],0,416,4,,0.97,https://i.redd.it/sz7lpbw199we1.jpeg,Time_Air1718
1k34dvg,reddit,High tech goggles,,2025-04-19 19:35:12,memes,memes,entertainment,Entertainment,[],0,425,3,,0.97,https://i.redd.it/fsltl8hfguve1.jpeg,IPutTheMilkInFirst
1jy85bv,reddit,Bears living in whipped cream land..,,2025-04-13 13:52:45,memes,memes,entertainment,Entertainment,[],0,415,7,,0.96,https://i.redd.it/ljr32k2vxlue1.jpeg,creep911
1jstes8,reddit,Traditions are gladly shared,,2025-04-06 12:51:27,memes,memes,entertainment,Entertainment,[],0,409,12,,0.95,https://i.redd.it/hy3f09jjo7te1.jpeg,Careful-Fix-1265
1k0fbsn,reddit,He is open to suggestions,,2025-04-16 08:20:40,memes,memes,entertainment,Entertainment,[],0,412,25,,0.95,https://i.redd.it/yvzhtvkcp5ve1.jpeg,idkidkmaybe
1jwkise,reddit,Saul Hombre Bueno,,2025-04-11 07:55:45,memes,memes,entertainment,Entertainment,[],0,403,14,,0.97,https://i.redd.it/7qs4n4pbw5ue1.png,EclipseButNotSolar
1jncolj,reddit,they be 'funny' sometimes😒,,2025-03-30 13:43:22,memes,memes,entertainment,Entertainment,[],0,411,8,,0.98,https://i.redd.it/w2jyxvreztre1.jpeg,VenoWave_Official
1juva4h,reddit,The love is definitely there,,2025-04-09 02:27:15,memes,memes,entertainment,Entertainment,[],0,404,9,,0.97,https://i.redd.it/az39jr0xzpte1.jpeg,666thSuprisedPikachu
1k32pex,reddit,Mood Swings huh,,2025-04-19 18:19:32,memes,memes,entertainment,Entertainment,[],0,407,18,,0.93,https://v.redd.it/h9pvk86x2uve1,Kuchupuchuuuu
1jy2dfh,reddit,Courage has been using AI before it became mainstream,,2025-04-13 07:40:22,memes,memes,entertainment,Entertainment,[],0,409,8,,0.95,https://i.redd.it/4qg8gi6f3kue1.jpeg,What_a_kaya_69
1k322i3,reddit,Thought I take a spin on this whole cave diving meme,,2025-04-19 17:51:37,memes,memes,entertainment,Entertainment,[],0,403,10,,0.98,https://i.redd.it/8p1l5ihrxtve1.gif,Rando_Cruzzer
1jq0wcr,reddit,Just when I was getting used to $70...,,2025-04-02 21:49:12,memes,memes,entertainment,Entertainment,[],0,404,64,,0.94,https://i.redd.it/rd9r69aushse1.jpeg,Mister-E_92
1k1q0gs,reddit,My cat lol,,2025-04-17 22:48:43,memes,memes,entertainment,Entertainment,[],0,402,13,,0.97,https://v.redd.it/n4oopyo45hve1,momsvaginaresearcher
1jwe4k9,reddit,I’m not gonna lie I do it too sometimes,,2025-04-11 01:20:06,memes,memes,entertainment,Entertainment,[],0,406,17,,0.98,https://i.redd.it/z5zxv8crx3ue1.jpeg,JohnAdams4620
1k3846v,reddit,Are you sure…?,,2025-04-19 22:31:36,memes,memes,entertainment,Entertainment,[],0,391,3,,0.98,https://i.redd.it/wodnmhfwbvve1.jpeg,hawkheimer
1jnxqr7,reddit,Horror Movies will be Horror Movies,,2025-03-31 07:32:37,memes,memes,entertainment,Entertainment,[],0,390,22,,0.97,https://i.redd.it/0hy13vs4azre1.png,Belgian-Baguette
1jlfo9y,reddit,Don’t knock down his trees,,2025-03-27 22:26:32,memes,memes,entertainment,Entertainment,[],0,390,4,,0.93,https://i.redd.it/nz3hib516bre1.jpeg,Fantastic-Spray-6063
1k3oln6,reddit,Bober Kurwa,,2025-04-20 15:07:09,memes,memes,entertainment,Entertainment,[],0,396,6,,0.98,https://i.redd.it/w5quo2ni90we1.jpeg,MontgomerySnrub
1jwxmpg,reddit,I...AM HEROBRINE,,2025-04-11 18:57:59,memes,memes,entertainment,Entertainment,[],0,391,7,,0.92,https://i.redd.it/e16w2cth69ue1.jpeg,Relevant-Pay-2394
1jr0yu4,reddit,Wallets are on life support.,,2025-04-04 02:14:17,memes,memes,entertainment,Entertainment,[],0,387,30,,0.94,https://i.redd.it/38397gf19qse1.png,GrimReap_07
1k59ypq,reddit,Good ol' snapchat-made meme,,2025-04-22 16:01:03,memes,memes,entertainment,Entertainment,[],0,385,6,,0.97,https://i.redd.it/bl838kgysewe1.png,LegendaryAlabama
1jmizk1,reddit,I never realized how BADLY redditors understand satire until recently,,2025-03-29 10:00:32,memes,memes,entertainment,Entertainment,[],0,383,73,,0.92,https://i.redd.it/g94sefeqqlre1.jpeg,Flimsy-Secret-6187
1k4rtch,reddit,I often lose hours of sleep because of it,,2025-04-21 23:23:18,memes,memes,entertainment,Entertainment,[],0,392,8,,0.98,https://i.redd.it/teqqfl7xu9we1.png,Ras_tang
1js2f3u,reddit,You guys are getting paid??,,2025-04-05 12:33:16,memes,memes,entertainment,Entertainment,[],0,377,20,,0.95,https://i.redd.it/jmh3y12eg0te1.jpeg,KFCCrocs
1juu40q,reddit,once you let him in...,,2025-04-09 01:26:36,memes,memes,entertainment,Entertainment,[],0,377,17,,0.98,https://i.redd.it/q9zjs4p2ppte1.png,AmpovHater
1k12ekd,reddit,Money curiosity,,2025-04-17 02:38:47,memes,memes,entertainment,Entertainment,[],0,378,7,,0.97,https://i.redd.it/phoh92i95bve1.jpeg,Educational-Show1918
1k5ue37,reddit,"All their studios are HQ'd in Downtown, Coolsville",,2025-04-23 08:51:12,memes,memes,entertainment,Entertainment,[],0,374,9,,0.97,https://i.imgur.com/xWeJJ2Y.jpeg,AgentWowza
1jo9495,reddit,Reddit when you have an opinion:,,2025-03-31 17:40:42,memes,memes,entertainment,Entertainment,[],0,375,92,,0.88,https://v.redd.it/h0trnrzla2se1,Itchy_Examination259
1jzj9fb,reddit,I'm cooked in ways you couldn't even imagine,,2025-04-15 04:35:38,memes,memes,entertainment,Entertainment,[],0,377,8,,0.98,https://i.redd.it/v0nv3a8agxue1.jpeg,kixsob
1k72ik3,reddit,The Return of the King,,2025-04-24 20:27:56,memes,memes,entertainment,Entertainment,[],0,1743,2,,0.99,https://i.redd.it/xhlbqs8eeuwe1.jpeg,Designer-Opposite-24
1jsmc4s,reddit,Real Innovation,,2025-04-06 04:49:36,memes,memes,entertainment,Entertainment,[],0,376,13,,0.97,https://i.redd.it/u36zgo2fa5te1.jpeg,Loud-Professor-9910
1k6z73v,reddit,Good times folks,,2025-04-24 18:13:43,memes,memes,entertainment,Entertainment,[],0,684,3,,0.98,https://i.redd.it/cxnjgp8eqtwe1.png,Animatrix_Mak
1jxbx31,reddit,It’s not history if we never stopped.,,2025-04-12 07:34:09,memes,memes,entertainment,Entertainment,[],0,375,7,,0.97,https://i.redd.it/ubqye5hexcue1.jpeg,Frozo7745
1k6wrt3,reddit,We are SO back,,2025-04-24 16:36:25,memes,memes,entertainment,Entertainment,[],0,527,6,,0.98,https://i.redd.it/6mzdila39twe1.jpeg,trevehr12
1jskef7,reddit,"Sorry bro, I never said it was a gift",,2025-04-06 02:52:14,memes,memes,entertainment,Entertainment,[],0,368,6,,0.98,https://i.redd.it/kiyqy9ymp4te1.jpeg,claudiocorona93
1k6zd0e,reddit,Loving the return to these formats. Have an OC,,2025-04-24 18:20:10,memes,memes,entertainment,Entertainment,[],0,635,2,,0.99,https://i.redd.it/1yz85bolrtwe1.png,No-Lunch4249
1k57ozb,reddit,I just hope they dont ask too much,,2025-04-22 14:28:39,memes,memes,entertainment,Entertainment,[],0,369,9,,0.96,https://i.redd.it/wuxg7hwgcewe1.png,Vladthesecond
1k5veg4,reddit,And usually depend on the bard/wizard,,2025-04-23 10:02:12,memes,memes,entertainment,Entertainment,[],0,365,7,,0.97,https://i.redd.it/1f6pqhzt5kwe1.png,Soul699
1k0i89a,reddit,Damm u god,,2025-04-16 11:37:26,memes,memes,entertainment,Entertainment,[],0,359,16,,0.92,https://i.redd.it/lcvup7tfo6ve1.jpeg,AromaticPurple5146
1jwfg3p,reddit,"Some said testicular torsion is the worst and so once again on everyone excluding me,i cast upon you",,2025-04-11 02:30:12,memes,memes,entertainment,Entertainment,[],0,364,54,,0.93,https://i.redd.it/294mvdh9a4ue1.jpeg,Only_Caramel_1947
1jot6tq,reddit,such an inspiration,,2025-04-01 11:24:31,memes,memes,entertainment,Entertainment,[],0,363,46,,0.88,https://i.redd.it/4gvml94hk7se1.jpeg,Mingopoop
1jlz1f8,reddit,Guys they have assembled,,2025-03-28 16:25:37,memes,memes,entertainment,Entertainment,[],0,364,2,,0.96,https://i.redd.it/bll4pisjigre1.jpeg,RSLEGEND1986
1jtiavp,reddit,Studying abroad as an international student - It just kept getting worse.,,2025-04-07 10:47:05,memes,memes,entertainment,Entertainment,[],0,359,23,,0.93,https://i.redd.it/yg9vohc97ete1.jpeg,ruthlessdamien2
1jooqtn,reddit,That's when you know it's time to log off,,2025-04-01 06:07:11,memes,memes,entertainment,Entertainment,[],0,362,5,,0.99,https://i.redd.it/24l4s61vz5se1.png,ZaidCharades
1jpg5o9,reddit,Back when Life was simple,,2025-04-02 04:19:21,memes,memes,entertainment,Entertainment,[],0,357,15,,0.97,https://i.redd.it/k4qqra6jlcse1.jpeg,Careful-Fix-1265
1k6ajig,reddit,Nothing I will say will ever matter,,2025-04-23 21:11:30,memes,memes,entertainment,Entertainment,[],0,359,35,,0.96,https://i.redd.it/qct2c104hnwe1.png,Kicco21
1k3d668,reddit,Dont take this too seriously please,,2025-04-20 03:06:39,memes,memes,entertainment,Entertainment,[],0,360,33,,0.97,https://i.redd.it/f9ax45jyowve1.jpeg,FuzzyNowHasReddit
1jpj3si,reddit,A fella will do anything except go to therapy,,2025-04-02 07:41:53,memes,memes,entertainment,Entertainment,[],0,361,15,,0.92,https://i.redd.it/lbk5n1gnldse1.png,InSearchOfTyrael
1k4m82x,reddit,We can make em do it.,,2025-04-21 19:26:54,memes,memes,entertainment,Entertainment,[],0,347,36,,0.84,https://i.redd.it/q7w0w6xpo8we1.jpeg,LittelXman808
1js3wi4,reddit,Literally most of the games of my childhood was hard because of this,,2025-04-05 13:50:47,memes,memes,entertainment,Entertainment,[],0,345,41,,0.96,https://i.redd.it/xpcg5ak7u0te1.png,Jake_Marshall_AA
1k1xjae,reddit,Right?? Right!!,,2025-04-18 05:38:13,memes,memes,entertainment,Entertainment,[],0,346,35,,0.67,https://i.redd.it/2e4kumv66jve1.jpeg,Regular_Highlight_68
1jxxovi,reddit,must be nice,,2025-04-13 02:34:06,memes,memes,entertainment,Entertainment,[],0,346,23,,0.95,https://i.redd.it/vwjqr49rkiue1.jpeg,PrettyCoolTim
1jk27mq,reddit,STOP DONT DO IT,,2025-03-26 03:06:06,memes,memes,entertainment,Entertainment,[],0,348,16,,0.94,https://i.redd.it/60nmyha2ayqe1.png,Ill_Landscape_951
1jro2pd,reddit,They betrayed💔💔,,2025-04-04 22:06:02,memes,memes,entertainment,Entertainment,[],0,343,4,,0.96,https://i.redd.it/0ggilgun5wse1.jpeg,intelligence3
1jltx11,reddit,always a terrible meme,,2025-03-28 12:29:30,memes,memes,entertainment,Entertainment,[],0,340,4,,0.98,https://i.redd.it/o6mbay9fcfre1.jpeg,qwqwqwerty-7
1js4wz9,reddit,Some tough decisions to make for Jafar,,2025-04-05 14:39:30,memes,memes,entertainment,Entertainment,[],0,338,2,,0.93,https://v.redd.it/j3ni1ktw21te1,Every_Pass_226
1k77cpu,reddit,You’re just right if you don’t know why it’s nsfw,,2025-04-25 00:05:15,memes,memes,entertainment,Entertainment,[],0,5191,111,,0.96,https://i.redd.it/udehe6o4hvwe1.jpeg,uhf26
1k4wpzo,reddit,It still makes me cross,,2025-04-22 03:29:31,memes,memes,entertainment,Entertainment,[],0,335,21,,0.88,https://i.redd.it/2fsg3zkq2bwe1.png,BlatantBarbie
1jvws6h,reddit,Found in the Gulf of America,,2025-04-10 12:33:53,memes,memes,entertainment,Entertainment,[],0,331,8,,0.91,https://i.redd.it/r9yk8xg150ue1.png,Nico_Weio
1jxua3h,reddit,Superpower,,2025-04-12 23:25:46,memes,memes,entertainment,Entertainment,[],0,329,32,,0.93,https://i.redd.it/uh6q63g6nhue1.jpeg,galacticgumbo1
1k28371,reddit,Anyone agree?,,2025-04-18 15:45:21,memes,memes,entertainment,Entertainment,[],0,329,46,,0.95,https://i.redd.it/e6t9aedi6mve1.jpeg,fandabbydosy
1jo9dgo,reddit,A meme I made,,2025-03-31 17:51:19,memes,memes,entertainment,Entertainment,[],0,330,29,,0.93,https://v.redd.it/efpmyz6hc2se1,PrizeUpper9064
1k3nxk3,reddit,"Lord farquad did not get the princess, decided to become one instead.",,2025-04-20 14:36:38,memes,memes,entertainment,Entertainment,[],0,325,29,,0.8,https://i.redd.it/8m8jhkdz30we1.jpeg,Defiant_Fly5246
1jvto6p,reddit,Quiet and Courteous be damned,,2025-04-10 09:21:37,memes,memes,entertainment,Entertainment,[],0,323,9,,0.91,https://v.redd.it/9z8tueiq6zte1,Rclarke115
1jqglai,reddit,The greed is strong with this company,,2025-04-03 12:02:42,memes,memes,entertainment,Entertainment,[],0,325,8,,0.95,https://i.redd.it/gskpeg241mse1.jpeg,Eric72890
1jkdw7c,reddit,No that's not how it works,,2025-03-26 15:03:30,memes,memes,entertainment,Entertainment,[],0,329,12,,0.96,https://i.redd.it/qbvx3er2u1re1.jpeg,MahmoudAO
1k1cg22,reddit,Very poor choice,,2025-04-17 13:12:19,memes,memes,entertainment,Entertainment,[],0,328,6,,0.96,https://i.redd.it/0e090bnaaeve1.jpeg,EmmanuelF09
1jpm197,reddit,Me when I pick up a cool stick,,2025-04-02 11:15:21,memes,memes,entertainment,Entertainment,[],0,324,7,,0.98,https://i.redd.it/qt41jm2rnese1.png,JustaP-haze
1k6wcak,reddit,"When you gotta go, you gotta go.",,2025-04-24 16:18:50,memes,memes,entertainment,Entertainment,[],0,354,12,,0.97,https://i.redd.it/h0dsmysu5twe1.jpeg,AtLeastImNotAi
1jvom8t,reddit,"Don't worry, I'm sure it will be fine",,2025-04-10 03:34:38,memes,memes,entertainment,Entertainment,[],0,320,7,,0.98,https://i.redd.it/9ypllwhpgxte1.jpeg,PineAppleGuy88
1jnanrz,reddit,Where are my flowers?,,2025-03-30 11:44:11,memes,memes,entertainment,Entertainment,[],0,323,57,,0.8,https://i.redd.it/jjmh14x5etre1.jpeg,Doodles_n_Scribbles
1jk51ci,reddit,I see this as an absolute win.,,2025-03-26 05:58:53,memes,memes,entertainment,Entertainment,[],0,317,11,,0.94,https://i.redd.it/dr6lyljw4zqe1.png,REVENANT-ALIEN
1jzp7cg,reddit,taxed on taxed income that came after taxation,,2025-04-15 11:13:15,memes,memes,entertainment,Entertainment,[],0,324,106,,0.81,https://i.redd.it/is912r55fzue1.png,Hanyu_Mingzi
1jt9ykb,reddit,Always throws me off in the best way,,2025-04-07 01:37:19,memes,memes,entertainment,Entertainment,[],0,317,34,,0.96,https://i.redd.it/xexglgl0hbte1.jpeg,robloiscool_
1jmea6z,reddit,"hail to the king, baby",,2025-03-29 04:17:12,memes,memes,entertainment,Entertainment,[],0,310,10,,0.98,https://i.redd.it/tgz7050i1kre1.gif,EverSoInfinite
1jq93hq,reddit,always the same,,2025-04-03 04:17:34,memes,memes,entertainment,Entertainment,[],0,312,5,,0.99,https://i.redd.it/9t9is9n4qjse1.jpeg,Zentront
1k10m8i,reddit,And they says chivalry is dead,,2025-04-17 01:05:35,memes,memes,entertainment,Entertainment,[],0,312,7,,0.98,https://i.redd.it/2gm0u6zmoave1.jpeg,CHEROKEEJ4CK
1jz92wb,reddit,Kids these days are really going places 🥴,,2025-04-14 20:26:32,memes,memes,entertainment,Entertainment,[],0,309,4,,0.97,https://i.redd.it/w62aiiy01vue1.jpeg,anshuman_17
1jvidk7,reddit,Water is too dangerous for aircrafts apparently…,,2025-04-09 22:14:47,memes,memes,entertainment,Entertainment,[],0,312,11,,0.98,https://i.redd.it/c03d59bsvvte1.jpeg,rollercoastersrul
1jmub8l,reddit,Friends=Flowers,,2025-03-29 19:37:12,memes,memes,entertainment,Entertainment,[],0,312,14,,0.96,https://i.redd.it/vlk001umlore1.jpeg,MegapichuYT0
1jst7ir,reddit,Not again it's Sunday already!,,2025-04-06 12:40:26,memes,memes,entertainment,Entertainment,[],0,309,3,,0.98,https://i.redd.it/7t6af89fm7te1.jpeg,Marsupial-731
1jpmx1m,reddit,............,,2025-04-02 12:05:51,memes,memes,entertainment,Entertainment,[],0,305,8,,0.95,https://i.redd.it/8orbllfrwese1.jpeg,Ambitious_Art7245
1jz24tu,reddit,Me at 3am.,,2025-04-14 15:47:07,memes,memes,entertainment,Entertainment,[],0,318,17,,0.83,https://v.redd.it/2nebivb3ntue1,ExpressInternal4914
1k0xq2e,reddit,The confusion is justified,,2025-04-16 22:44:56,memes,memes,entertainment,Entertainment,[],0,306,9,,0.94,https://i.redd.it/iq3ijygjz9ve1.png,knj23
1jv06ym,reddit,Core Childhood Traumata,,2025-04-09 07:39:23,memes,memes,entertainment,Entertainment,[],0,304,5,,0.98,https://i.redd.it/hwqkjaqljrte1.jpeg,Careful-Fix-1265
1jyeg1i,reddit,New horror game lets you pet cats to relive stress ... Me:,,2025-04-13 18:29:45,memes,memes,entertainment,Entertainment,[],0,304,4,,0.97,https://i.redd.it/tfzf4w1abnue1.png,GrinningAxe9
1jsyh1t,reddit,They're getting away with it,,2025-04-06 16:46:25,memes,memes,entertainment,Entertainment,[],0,303,7,,0.97,https://i.redd.it/orwkmiq5u8te1.gif,SkarixO
1k4hdq0,reddit,I will not be the last pope,,2025-04-21 16:17:23,memes,memes,entertainment,Entertainment,[],0,305,2,,0.97,https://i.redd.it/rigtbovtq7we1.jpeg,UnfunnyTroll
1jpwaun,reddit,Works every time,,2025-04-02 18:42:21,memes,memes,entertainment,Entertainment,[],0,304,7,,0.98,https://i.redd.it/3ogqdu7hvgse1.jpeg,Background_Spirit7
1jv6pej,reddit,thanks homie,,2025-04-09 14:09:46,memes,memes,entertainment,Entertainment,[],0,303,13,,0.94,https://i.redd.it/8jichs19htte1.jpeg,oofham
1k2gu02,reddit,Miami PD ftw,,2025-04-18 21:59:02,memes,memes,entertainment,Entertainment,[],0,298,11,,0.96,https://i.redd.it/a38s1he61ove1.jpeg,Connect-Phrase4471
1jteqn6,reddit,Can't even stretch nowadays,,2025-04-07 06:26:30,memes,memes,entertainment,Entertainment,[],0,300,8,,0.98,https://i.redd.it/xdwjkj8rwcte1.png,quesslay
1k4gly5,reddit,Yay I'm a cheater,,2025-04-21 15:38:30,memes,memes,entertainment,Entertainment,[],0,293,4,,0.96,https://i.redd.it/xs5fifs0k7we1.jpeg,labourist123
1k2yevo,reddit,"I'm every woman, it's all in me",,2025-04-19 15:09:54,memes,memes,entertainment,Entertainment,[],0,296,35,,0.84,https://i.redd.it/3h6hyuh35tve1.jpeg,StrobeLightRomance
1k6uqcb,reddit,They're opposites but mean the same thing.,,2025-04-24 15:14:28,memes,memes,entertainment,Entertainment,[],0,321,91,,0.88,https://i.redd.it/agpgjttguswe1.jpeg,ZaqTactic
1jy0v20,reddit,Gaming history is now ancient history,,2025-04-13 05:53:40,memes,memes,entertainment,Entertainment,[],0,294,38,,0.92,https://i.redd.it/2ku5y31ekjue1.jpeg,Scared-Gamer
1jtfiph,reddit,It's gonna be wild at the theaters!,,2025-04-07 07:22:41,memes,memes,entertainment,Entertainment,[],0,296,45,,0.94,https://i.redd.it/wg3rnyns6dte1.jpeg,The_Ghost_Who_Laughs
1jkya67,reddit,Schrödinger's Security Breach,,2025-03-27 07:15:33,memes,memes,entertainment,Entertainment,[],0,288,7,,0.97,https://i.redd.it/ggulwy1in6re1.png,signalbound
1k193xu,reddit,always have a foundation to your arguments,,2025-04-17 10:03:46,memes,memes,entertainment,Entertainment,[],0,289,5,,0.97,https://i.redd.it/rw5ygzencdve1.png,Khantlerpartesar
1jsurcz,reddit,You can’t say I’m wrong,,2025-04-06 14:00:21,memes,memes,entertainment,Entertainment,[],0,287,50,,0.87,https://i.redd.it/bhudm33u08te1.jpeg,Average_Human2A
1jljl6y,reddit,"When you're a graffiti artist, but also a caring father",,2025-03-28 01:27:27,memes,memes,entertainment,Entertainment,[],0,291,4,,0.93,https://i.redd.it/m4l7ilf82cre1.jpeg,QuintessentialIdiot
1jplx9m,reddit,"Reddit tried to make an April fools joke, but became the joke instead ...",,2025-04-02 11:08:33,memes,memes,entertainment,Entertainment,[],0,287,8,,0.95,https://i.redd.it/84nr4x5cmese1.png,-LokiTheLord-
1juzrsg,reddit,Is this gay?,,2025-04-09 07:07:32,memes,memes,entertainment,Entertainment,[],0,289,21,,0.95,https://i.redd.it/3wpdkkvwdrte1.jpeg,one-droplet
1jrip2f,reddit,Microsoft Windows 11 Foolishness,,2025-04-04 18:16:32,memes,memes,entertainment,Entertainment,[],0,289,38,,0.94,https://i.redd.it/3fueyz9p0vse1.png,Up2KnowGood
1k6ygo1,reddit,"I don't know why this trend started, but I'm all for it.",,2025-04-24 17:44:26,memes,memes,entertainment,Entertainment,[],0,366,6,,0.96,https://i.redd.it/j6f92ge4ltwe1.png,Drackzgull
1jmgsil,reddit,My daughter ripped off the jaw,,2025-03-29 07:09:06,memes,memes,entertainment,Entertainment,[],0,286,9,,0.95,https://i.redd.it/c57owj46wkre1.png,knownymous1
1juhcgo,reddit,Hakuna Matata,,2025-04-08 16:09:42,memes,memes,entertainment,Entertainment,[],0,279,4,,0.97,https://v.redd.it/xsx7nkcqxmte1,poka1123
1k0fqof,reddit,nice effort,,2025-04-16 08:52:23,memes,memes,entertainment,Entertainment,[],0,282,1,,0.97,https://i.redd.it/su7uzifyu5ve1.png,Zan_in_NZ
1jpu2s6,reddit,Wait already?,,2025-04-02 17:15:53,memes,memes,entertainment,Entertainment,[],0,278,50,,0.89,https://i.redd.it/ft3c02o2ggse1.png,Spexancap10
1k6yz21,reddit,LETS GO GUYS!!!,,2025-04-24 18:04:44,memes,memes,entertainment,Entertainment,[],0,356,2,,0.97,https://i.redd.it/f6smvy8totwe1.png,Obootleg
1joj576,reddit,Who had lucky parents like these,,2025-04-01 00:50:30,memes,memes,entertainment,Entertainment,[],0,277,11,,0.94,https://i.redd.it/29iurpzbf4se1.jpeg,MegapichuYT0
1joka2s,reddit,The best feeling,,2025-04-01 01:47:56,memes,memes,entertainment,Entertainment,[],0,278,5,,0.99,https://i.redd.it/iif6cexlp4se1.jpeg,NebbyChan
1jll4dv,reddit,Something is happening,,2025-03-28 02:45:50,memes,memes,entertainment,Entertainment,[],0,272,10,,0.96,https://i.redd.it/9eyeyk37gcre1.jpeg,TheRealSteamedHams
1jyn3ch,reddit,It's not a story the Jedi would tell you. It's a Sith legend.,,2025-04-14 01:15:52,memes,memes,entertainment,Entertainment,[],0,272,5,,0.96,https://i.redd.it/qgp4vllqbpue1.jpeg,joueur_Uno
1jritqc,reddit,Duo tikka masala,,2025-04-04 18:22:03,memes,memes,entertainment,Entertainment,[],0,268,4,,0.97,https://i.redd.it/xbg01z7p1vse1.png,PuffcornSucks
1k74hcp,reddit,"Dear nostalge, here we go!",,2025-04-24 21:51:35,memes,memes,entertainment,Entertainment,[],0,621,22,,0.98,https://i.redd.it/81co3fu9tuwe1.jpeg,linegel
1jw3chu,reddit,"Why, oh why?",,2025-04-10 17:19:56,memes,memes,entertainment,Entertainment,[],0,270,13,,0.95,https://i.redd.it/yzkxhoa3k1ue1.jpeg,majcek
1jsps5z,reddit,Never thought the day would come,,2025-04-06 08:50:24,memes,memes,entertainment,Entertainment,[],0,273,34,,0.85,https://i.redd.it/wb5rm6ejh6te1.png,vksdann
1k2u8lp,reddit,Next time it'll be a fireball to your face.,,2025-04-19 11:34:49,memes,memes,entertainment,Entertainment,[],0,265,8,,0.96,https://i.redd.it/fll00d2q2sve1.jpeg,befarked247
1jlq4s7,reddit,Why do they ALL have to be like this on the front page?,,2025-03-28 08:10:21,memes,memes,entertainment,Entertainment,[],0,268,8,,0.96,https://i.redd.it/igia24u62ere1.jpeg,GamerNoek
1k70h7a,reddit,I'm happy these are memes are being seen again,,2025-04-24 19:05:07,memes,memes,entertainment,Entertainment,[],0,555,5,,0.98,https://i.redd.it/r92nobxlztwe1.jpeg,traquillcash1
1k2gro7,reddit,Dolphin turbo (NSFW),,2025-04-18 21:56:01,memes,memes,entertainment,Entertainment,[],0,266,15,,0.81,https://i.redd.it/hkncxc0n0ove1.jpeg,Salt_Thanks8951
1jslt3h,reddit,"Due to the state of the world, everyone doesn't have money anymore",,2025-04-06 04:16:16,memes,memes,entertainment,Entertainment,[],0,265,9,,0.9,https://i.redd.it/6mebuzqm45te1.jpeg,Tonstad39
1jm59mu,reddit,Underwear‎ ‎ ‎,,2025-03-28 20:49:18,memes,memes,entertainment,Entertainment,[],0,264,9,,0.97,https://i.redd.it/nndjjcmethre1.jpeg,_Twas_Ere_
1jzjwzx,reddit,"""Damn ,why is she trying to poison her ?""",,2025-04-15 05:15:45,memes,memes,entertainment,Entertainment,[],0,263,6,,0.96,https://i.redd.it/7fcxaw1fnxue1.png,Tyrion_lannistar
1k3ge49,reddit,Can't have enough cats,,2025-04-20 06:32:08,memes,memes,entertainment,Entertainment,[],0,261,9,,0.96,https://i.redd.it/gu8rlkejpxve1.png,Necessary-Poetry-172
1jyiyyl,reddit,Taco Aftermath,,2025-04-13 21:47:11,memes,memes,entertainment,Entertainment,[],0,257,10,,0.93,https://i.redd.it/l0ehq0shaoue1.png,ChaosOfOrder24
1k6t9nd,reddit,They need a reserved place to park,,2025-04-24 14:13:36,memes,memes,entertainment,Entertainment,[],0,266,41,,0.94,https://i.redd.it/aw4j1zyljswe1.jpeg,Kriptic_22
1k705s1,reddit,Good Guy Greg Returns,,2025-04-24 18:52:40,memes,memes,entertainment,Entertainment,[],0,360,0,,0.99,https://i.redd.it/v959vnaextwe1.jpeg,RL_CaptainMorgan
1jtvis3,reddit,Why does she always say that,,2025-04-07 20:32:26,memes,memes,entertainment,Entertainment,[],0,260,14,,0.91,https://i.redd.it/adencj9p3hte1.jpeg,Doggcow
1k2c29u,reddit,The YouTube heros,,2025-04-18 18:31:35,memes,memes,entertainment,Entertainment,[],0,258,6,,0.94,https://i.redd.it/a5a2gcs50nve1.jpeg,ExpensivePractice164
1jw0q6t,reddit,It's not working...life is not working,,2025-04-10 15:30:04,memes,memes,entertainment,Entertainment,[],0,257,6,,0.98,https://i.redd.it/dyjnd4nh01ue1.jpeg,MahmoudAO
1jnopsc,reddit,Cuddles would like the kids menu,,2025-03-30 22:40:41,memes,memes,entertainment,Entertainment,[],0,254,6,,0.98,https://i.redd.it/qk70pfhtmwre1.jpeg,Uknown-Nerd6207
1k54egd,reddit,Every month 😔,,2025-04-22 11:53:57,memes,memes,entertainment,Entertainment,[],0,255,1,,0.96,https://i.redd.it/dqly1r9vkdwe1.jpeg,ObsidianVibes
1jpg902,reddit,Not a Crime. But they will understand.,,2025-04-02 04:24:59,memes,memes,entertainment,Entertainment,[],0,254,17,,0.96,https://i.redd.it/yralymejmcse1.jpeg,Careful-Fix-1265
1jnx766,reddit,Its true tho,,2025-03-31 06:50:27,memes,memes,entertainment,Entertainment,[],0,254,19,,0.97,https://i.redd.it/vulpcc2o2zre1.jpeg,_alb4
1jlzcuo,reddit,Who is that person?,,2025-03-28 16:39:31,memes,memes,entertainment,Entertainment,[],0,256,60,,0.91,https://i.redd.it/mu2qu0q0lgre1.jpeg,Force-4842
1jzv5sc,reddit,Is this one ok?,,2025-04-15 15:44:18,memes,memes,entertainment,Entertainment,[],0,255,29,,0.88,https://i.redd.it/p1joen5lr0ve1.png,Squatsoverjars
1k1jgxk,reddit,The important question,,2025-04-17 18:06:11,memes,memes,entertainment,Entertainment,[],0,255,7,,0.94,https://i.redd.it/lpu1zxooqfve1.jpeg,YesNo_Maybe_
1jrqujy,reddit,"Ah yes, the greatest depression in US history, just in time.",,2025-04-05 00:18:55,memes,memes,entertainment,Entertainment,[],0,252,39,,0.86,https://v.redd.it/dnbkz9edtwse1,momsvaginaresearcher
1jxm6e0,reddit,Using all the Durability,,2025-04-12 17:11:13,memes,memes,entertainment,Entertainment,[],0,251,1,,0.92,https://i.redd.it/1v6sh7scsfue1.jpeg,TopParkone
1jo2i9p,reddit,A Win is a win,,2025-03-31 12:55:05,memes,memes,entertainment,Entertainment,[],0,251,12,,0.93,https://v.redd.it/kufjvt0pv0se1,Brilliant-Pound5783
1k583dq,reddit,They show they care,,2025-04-22 14:45:40,memes,memes,entertainment,Entertainment,[],0,249,7,,0.96,https://i.redd.it/qh1r5qs9fewe1.jpeg,Cesalv
1jwm7tk,reddit,"Snow White, rupanzel, the little mermaid, hansel & gretel & many more...",,2025-04-11 10:02:02,memes,memes,entertainment,Entertainment,[],0,246,15,,0.95,https://i.redd.it/yxf8xocvi6ue1.jpeg,ReceptionInformal749
1k52km6,reddit,a natural flashbang,,2025-04-22 10:01:31,memes,memes,entertainment,Entertainment,[],0,252,6,,0.95,https://i.redd.it/i6y4n65t0dwe1.png,Khantlerpartesar
1k13qlw,reddit,"Elementary school orchestra, all the parents know what I mean",,2025-04-17 03:52:23,memes,memes,entertainment,Entertainment,[],0,248,11,,0.98,https://i.imgur.com/hwUWjKX.jpeg,Golden_Taint
1k5z237,reddit,Not everyone's opinion matters...,,2025-04-23 13:23:07,memes,memes,entertainment,Entertainment,[],0,253,114,,0.79,https://i.redd.it/3bbrn2qo5lwe1.jpeg,shadrackandthemandem
1k3in6f,reddit,Seriously why all the mentions are always about pictures,,2025-04-20 09:14:38,memes,memes,entertainment,Entertainment,[],0,245,60,,0.89,https://i.redd.it/yrp2hsfmiyve1.jpeg,Van_core_gamer
1jup3pb,reddit,Popped Into My Head,,2025-04-08 21:27:55,memes,memes,entertainment,Entertainment,[],0,243,3,,0.97,https://i.redd.it/ze21bi8diote1.jpeg,Ange1ofD4rkness
1jrck5b,reddit,Bloons Tower Defense master!,,2025-04-04 13:59:32,memes,memes,entertainment,Entertainment,[],0,240,5,,0.95,https://i.redd.it/z8gvgfbvqtse1.jpeg,-G_59-
1jwmhba,reddit,I just like popcorn,,2025-04-11 10:20:06,memes,memes,entertainment,Entertainment,[],0,239,3,,0.9,https://v.redd.it/8g7x0ix1m6ue1,CreepyIllustrator824
1k3hays,reddit,Here’s one to ruin your day,,2025-04-20 07:34:47,memes,memes,entertainment,Entertainment,[],0,238,37,,0.91,https://i.redd.it/9m3bi7ss0yve1.jpeg,Professional-Rip1389
1jldp2r,reddit,Neighbor kid doesn't looks normal to me,,2025-03-27 21:05:25,memes,memes,entertainment,Entertainment,[],0,240,8,,0.93,https://i.redd.it/bm110p4irare1.jpeg,Yolo065
1jskf0u,reddit,everyone goes to the bathroom in the morning,,2025-04-06 02:53:16,memes,memes,entertainment,Entertainment,[],0,237,37,,0.97,https://i.redd.it/lh482ganp4te1.png,KateHanami
1js9iip,reddit,About to give him the craziest lore,,2025-04-05 18:03:48,memes,memes,entertainment,Entertainment,[],0,240,4,,0.97,https://i.redd.it/6yjhj2vc32te1.jpeg,Aaronocen
1jn0e6x,reddit,The internet shall ruin everything,,2025-03-30 00:25:14,memes,memes,entertainment,Entertainment,[],0,241,1,,0.93,https://i.redd.it/gtsv6uy01qre1.jpeg,ZealousidealChain473
1jyekeq,reddit,What will be next? Santa Au?,,2025-04-13 18:34:43,memes,memes,entertainment,Entertainment,[],0,238,23,,0.88,https://i.redd.it/8n28n546cnue1.jpeg,ElPapo131
1k65mft,reddit,ants be like,,2025-04-23 17:52:32,memes,memes,entertainment,Entertainment,[],0,267,9,,0.98,https://v.redd.it/9lyvd8lphmwe1,mayocat6996
1jyuaxp,reddit,Canada be like,,2025-04-14 08:59:12,memes,memes,entertainment,Entertainment,[],0,237,33,,0.91,https://i.redd.it/wp5mtgxdmrue1.jpeg,Anonymous_Lightbulb
1jto4rj,reddit,i swear i’m gonna look down and my toe’s gonna be gone,,2025-04-07 15:32:58,memes,memes,entertainment,Entertainment,[],0,236,33,,0.93,https://i.redd.it/45i8m1u9mfte1.jpeg,Chiperz_
1jxsu8z,reddit,Easy peasy,,2025-04-12 22:13:35,memes,memes,entertainment,Entertainment,[],0,234,8,,0.95,https://i.redd.it/zchloxsaahue1.jpeg,ObsidianVibes
1ju9yms,reddit,"Have fun, Boomers!",,2025-04-08 10:05:47,memes,memes,entertainment,Entertainment,[],0,235,5,,0.94,https://i.redd.it/p258j19t4lte1.jpeg,keen_observer34130
1jlrlvq,reddit,Coke zero yesssss,,2025-03-28 10:03:44,memes,memes,entertainment,Entertainment,[],0,232,4,,0.95,https://i.redd.it/u615v1yemere1.jpeg,Silent-karambit
1jk6xkx,reddit,One of the worst pains you’ve ever felt,,2025-03-26 08:23:20,memes,memes,entertainment,Entertainment,[],0,237,25,,0.91,https://i.redd.it/5cnp1vvmuzqe1.jpeg,Certain_Station_465
1jnwmrr,reddit,An air fryer is the most important item 🤣,,2025-03-31 06:08:24,memes,memes,entertainment,Entertainment,[],0,232,8,,0.91,https://i.redd.it/v8duoy16vyre1.jpeg,bogohogo
1jyu593,reddit,We have have meet at least one person like this.,,2025-04-14 08:47:00,memes,memes,entertainment,Entertainment,[],0,232,41,,0.94,https://i.redd.it/co4hul58krue1.png,N/A
1jtymfd,reddit,This is dry humor,,2025-04-07 22:47:17,memes,memes,entertainment,Entertainment,[],0,235,16,,0.96,https://i.redd.it/4vde52brrhte1.jpeg,ScriptLurker
1k6e989,reddit,Just need to get this meme out of my gallery,,2025-04-23 23:55:38,memes,memes,entertainment,Entertainment,[],0,233,10,,0.86,https://i.redd.it/1fkw3nejaowe1.png,No-Bike42
1jxksg6,reddit,I immediately regret my decision,,2025-04-12 16:10:11,memes,memes,entertainment,Entertainment,[],0,229,4,,0.95,https://i.redd.it/ctnvy2zghfue1.jpeg,Therealfern1
1jmb9em,reddit,Tinder profile vs real life (selling plates like this should be illegal) 😭,,2025-03-29 01:30:02,memes,memes,entertainment,Entertainment,[],0,229,26,,0.9,https://i.redd.it/ibcs59bo7jre1.jpeg,Kmama44
1k6t1lj,reddit,What a time to be alive,,2025-04-24 14:04:11,memes,memes,entertainment,Entertainment,[],0,237,2,,0.98,https://i.redd.it/24h3x9xuhswe1.png,Vostok32
1k54zfz,reddit,Corporate Hell,,2025-04-22 12:24:37,memes,memes,entertainment,Entertainment,[],0,225,6,,0.93,https://v.redd.it/brw72c4aqdwe1,Particular-Title3588
1jyglwf,reddit,Someone tag me please,,2025-04-13 20:02:25,memes,memes,entertainment,Entertainment,[],0,229,1,,0.98,https://i.redd.it/jdyw0f6trnue1.jpeg,secsigirl
1jsgwzi,reddit,"Basically, we take the L",,2025-04-05 23:41:07,memes,memes,entertainment,Entertainment,[],0,227,40,,0.87,https://v.redd.it/g7uivihjr3te1,momsvaginaresearcher
1jx84iq,reddit,I'll drink to that!,,2025-04-12 03:27:15,memes,memes,entertainment,Entertainment,[],0,223,5,,0.96,https://i.redd.it/p99b8lrcpbue1.jpeg,animatorguy2
1jkwdbc,reddit,"C’mon, do something now",,2025-03-27 04:59:42,memes,memes,entertainment,Entertainment,[],0,220,5,,0.98,https://i.redd.it/4yqez5c9z5re1.jpeg,jashmodh
1jsp5kl,reddit,That’s treason,,2025-04-06 08:04:13,memes,memes,entertainment,Entertainment,[],0,225,13,,0.95,https://i.redd.it/v6uqo2v996te1.gif,Digim0rt4l
1k0waud,reddit,Let me cook ya'll,,2025-04-16 21:41:41,memes,memes,entertainment,Entertainment,[],0,218,30,,0.86,https://i.redd.it/ztthg129o9ve1.jpeg,Maiberaa
1jzr66w,reddit,Stay positive guys,,2025-04-15 12:54:29,memes,memes,entertainment,Entertainment,[],0,218,20,,0.93,https://i.redd.it/xc6etc9axzue1.jpeg,-SimplyBetter-
1k5xuxm,reddit,This bird lmao,,2025-04-23 12:25:47,memes,memes,entertainment,Entertainment,[],0,215,0,,0.97,https://i.redd.it/x6t0mifgvkwe1.png,Strange-Dish-2551
1jyd52h,reddit,"He said it, not me",,2025-04-13 17:34:23,memes,memes,entertainment,Entertainment,[],0,221,18,,0.92,https://i.redd.it/4ngfp8xd1nue1.png,Mathias_757
1k6p7ye,reddit,Time to dust off your collection bois,,2025-04-24 10:52:18,memes,memes,entertainment,Entertainment,[],0,226,0,,0.97,https://i.redd.it/ql01mx1pjrwe1.jpeg,Sanagost
1k5e6tn,reddit,Gotta get those vitamins,,2025-04-22 18:49:31,memes,memes,entertainment,Entertainment,[],0,217,4,,0.98,https://i.redd.it/74kr34nzmfwe1.png,thehotdog123
1k4vrd8,reddit,CN changed it's logo in 2003!,,2025-04-22 02:38:18,memes,memes,entertainment,Entertainment,[],0,220,5,,0.94,https://i.redd.it/xcocajbqtawe1.png,Mrsupersuper
1jx3u4p,reddit,Eeeeeeeeeee,,2025-04-11 23:34:29,memes,memes,entertainment,Entertainment,[],0,218,6,,0.97,https://i.redd.it/dnxovkttjaue1.jpeg,SoozaPhone_
1jruu2a,reddit,It's Weird That He's Canon in the MCU,,2025-04-05 03:57:51,memes,memes,entertainment,Entertainment,[],0,216,19,,0.82,https://i.redd.it/4zpg9wrawxse1.jpeg,DarkCrowI
1jy5m2j,reddit,Mission impossible,,2025-04-13 11:33:04,memes,memes,entertainment,Entertainment,[],0,218,4,,0.93,https://i.redd.it/eqfm2orx8lue1.jpeg,Daredevil_87
1k10wcf,reddit,I can’t wait to see what the next 10 years brings,,2025-04-17 01:20:06,memes,memes,entertainment,Entertainment,[],0,216,20,,0.88,https://i.redd.it/02cy0m07rave1.jpeg,LexPatriae
1jmex9b,reddit,I have watched this hundreds of times,,2025-03-29 04:57:58,memes,memes,entertainment,Entertainment,[],0,211,12,,0.96,https://v.redd.it/2gk5gozr8kre1,DarkBirbUwU
1k6qt4c,reddit,Get ghosted on marketplace,,2025-04-24 12:21:18,memes,memes,entertainment,Entertainment,[],0,219,20,,0.94,https://i.redd.it/8ishicokzrwe1.jpeg,chaosgiantmemes
1josgbx,reddit,Welp how do I...,,2025-04-01 10:38:10,memes,memes,entertainment,Entertainment,[],0,213,10,,0.95,https://i.redd.it/m9m4kpa7c7se1.jpeg,Silent-karambit
1jo1dmu,reddit,Tezlswastiqa,,2025-03-31 11:54:38,memes,memes,entertainment,Entertainment,[],0,207,11,,0.91,https://i.redd.it/93wg6ttxk0se1.png,karutura
1k6z6c8,reddit,Back to the Past,,2025-04-24 18:12:53,memes,memes,entertainment,Entertainment,[],0,272,2,,0.98,https://i.redd.it/d2ja09faqtwe1.jpeg,theHrayX
1jy4qvp,reddit,At least Hes interested in something,,2025-04-13 10:34:44,memes,memes,entertainment,Entertainment,[],0,208,24,,0.95,https://i.redd.it/eyazz3ajykue1.jpeg,AvocadoPrinz
1jnu8mo,reddit,I’ll never make the same mistake again,,2025-03-31 03:33:29,memes,memes,entertainment,Entertainment,[],0,204,6,,0.9,https://i.redd.it/q20x5mvi3yre1.jpeg,jashmodh
1k6of46,reddit,The journey of disappointment,,2025-04-24 09:59:38,memes,memes,entertainment,Entertainment,[],0,209,6,,0.96,https://i.redd.it/qy34e6z9arwe1.jpeg,TrigunFlux
1jk6vr4,reddit,Why i am with her?,,2025-03-26 08:19:18,memes,memes,entertainment,Entertainment,[],0,202,67,,0.71,https://i.redd.it/m2n830mytzqe1.jpeg,usernotfound_002
1jw8ll2,reddit,Shitpostin,,2025-04-10 20:57:26,memes,memes,entertainment,Entertainment,[],0,201,2,,0.96,https://i.redd.it/eopn7q6wm2ue1.png,BallBuzzter
1jrruli,reddit,Guys it hurts so bad,,2025-04-05 01:11:11,memes,memes,entertainment,Entertainment,[],0,202,6,,0.98,https://i.redd.it/pe4vuy4p2xse1.jpeg,XxXCUSE_MEXxXican
1jo474a,reddit,Honestly why?,,2025-03-31 14:14:46,memes,memes,entertainment,Entertainment,[],0,199,4,,0.97,https://i.redd.it/t5zo21ux91se1.jpeg,SanPacc
1jlvz9a,reddit,The only self driving car I trust,,2025-03-28 14:10:52,memes,memes,entertainment,Entertainment,[],0,200,19,,0.97,https://i.redd.it/dwl3o0shufre1.jpeg,Edm_vanhalen1981
1jy5qyb,reddit,"I don't know how many people will get it, to be honest...",,2025-04-13 11:41:55,memes,memes,entertainment,Entertainment,[],0,201,11,,0.95,https://i.redd.it/o8x3efsialue1.jpeg,burritolegend1500
1jpeilm,reddit,Every time,,2025-04-02 02:50:32,memes,memes,entertainment,Entertainment,[],0,198,2,,0.97,https://i.redd.it/lwohz5ro5cse1.jpeg,CraftyClio
1jtaqez,reddit,Moar onions please,,2025-04-07 02:20:27,memes,memes,entertainment,Entertainment,[],0,200,29,,0.94,https://i.redd.it/gi3sbeltobte1.jpeg,ElectricalCamp104
1k6n2px,reddit,Remember to use Ctrl SHIFT V,,2025-04-24 08:21:42,memes,memes,entertainment,Entertainment,[],0,200,6,,0.97,https://i.redd.it/hbgw0o8qsqwe1.jpeg,Necogrim-
1k55rco,reddit,"My job interview today went super well, they want me to come to work tomorrow",,2025-04-22 13:02:51,memes,memes,entertainment,Entertainment,[],0,201,17,,0.95,https://v.redd.it/dkcrx5y4xdwe1,Red_Blast
1jvy1yn,reddit,Support your local bums today,,2025-04-10 13:35:08,memes,memes,entertainment,Entertainment,[],0,194,4,,0.94,https://i.redd.it/yt7lgfazf0ue1.png,TheDaemonair
1k73u3q,reddit,This is the first interview question! Testing ability to resolve conflicting requirements,,2025-04-24 21:23:18,memes,memes,entertainment,Entertainment,[],0,578,4,,0.98,https://i.redd.it/uno9l5n4ouwe1.jpeg,linegel
1k62o0p,reddit,Reasons to stay out of jail:,,2025-04-23 15:54:27,memes,memes,entertainment,Entertainment,[],0,194,8,,0.93,https://i.redd.it/mranir4owlwe1.png,DisastrousWeather956
1k0kjvm,reddit,Thanks guys,,2025-04-16 13:33:52,memes,memes,entertainment,Entertainment,[],0,196,35,,0.79,https://i.redd.it/hemgls3897ve1.jpeg,Loveable_Hemorrhoid
1jv0vfp,reddit,Eternal suffering,,2025-04-09 08:31:08,memes,memes,entertainment,Entertainment,[],0,194,9,,0.95,https://i.redd.it/bba6j8lssrte1.jpeg,IamARetarded1
1jtttqe,reddit,Privacy goes brrrrrrrrrrrrrr,,2025-04-07 19:23:55,memes,memes,entertainment,Entertainment,[],0,191,1,,0.97,https://i.redd.it/86sse4hargte1.jpeg,CaptainSoapMacTavish
1jq5ub0,reddit,Bills man. Bills.,,2025-04-03 01:33:40,memes,memes,entertainment,Entertainment,[],0,195,15,,0.96,https://i.redd.it/8aqt4hytwise1.jpeg,GrimReap_07
1jo1bk3,reddit,"The only way, or maybe not",,2025-03-31 11:51:25,memes,memes,entertainment,Entertainment,[],0,196,29,,0.95,https://i.redd.it/fzz4j84dk0se1.jpeg,MahmoudAO
1judeco,reddit,*cries in 1990's*,,2025-04-08 13:20:52,memes,memes,entertainment,Entertainment,[],0,193,12,,0.96,https://i.redd.it/2ev7tg5m3mte1.jpeg,Careful-Fix-1265
1jt2djc,reddit,Soy meat..,,2025-04-06 19:32:38,memes,memes,entertainment,Entertainment,[],0,192,11,,0.96,https://i.redd.it/ir6hfj4kn9te1.png,Medici_intelligence
1k6olzm,reddit,Night at the movies,,2025-04-24 10:12:12,memes,memes,entertainment,Entertainment,[],0,202,18,,0.86,https://i.redd.it/ars6f13ecrwe1.png,EIeanorRigby
1k0hdun,reddit,I hate these Comments,,2025-04-16 10:46:41,memes,memes,entertainment,Entertainment,[],0,194,19,,0.93,https://i.redd.it/nvfkvtuve6ve1.jpeg,Both-Ferret-4719
1k029qv,reddit,The taste of her Perry footprint,,2025-04-15 20:31:08,memes,memes,entertainment,Entertainment,[],0,192,37,,0.8,https://i.redd.it/3eve96fr62ve1.jpeg,macsare1
1k08tix,reddit,Speaking as someone who just got my license,,2025-04-16 01:36:59,memes,memes,entertainment,Entertainment,[],0,192,5,,0.96,https://i.redd.it/yhwr3q2bp3ve1.gif,JohnAdams4620
1k71pr7,reddit,"Come with me, and you’ll see, a world of pure imagination",,2025-04-24 19:55:04,memes,memes,entertainment,Entertainment,[],0,324,35,,0.98,https://i.redd.it/2taxsn1j8uwe1.jpeg,VitalMaTThews
1jou7k3,reddit,Not a day goes by without this game,,2025-04-01 12:20:54,memes,memes,entertainment,Entertainment,[],0,191,6,,0.95,https://i.redd.it/9ot9bg6iu7se1.jpeg,Wonderful-South-279
1jzljyr,reddit,Operation Zero Privacy,,2025-04-15 07:05:09,memes,memes,entertainment,Entertainment,[],0,189,8,,0.97,https://i.redd.it/ou6pd6qy6yue1.jpeg,Squall_3
1jnuerw,reddit,Take 2 - Calorie deficit who?,,2025-03-31 03:43:27,memes,memes,entertainment,Entertainment,[],0,187,6,,0.94,https://i.redd.it/r8s56l2b5yre1.jpeg,_goodbyelove_
1k79sim,reddit,Feels like 2010 again,,2025-04-25 02:09:35,memes,memes,entertainment,Entertainment,[],0,15438,70,,0.98,https://i.redd.it/npbyd5ic3wwe1.jpeg,Denathriel
1jzuuft,reddit,My sense of humor is broken. I spent way too long laughing at this.,,2025-04-15 15:31:26,memes,memes,entertainment,Entertainment,[],0,182,54,,0.64,https://v.redd.it/wmc64h28p0ve1,ImNotShortAmSmol
1jtb7h8,reddit,"Ope, good one. You got me.",,2025-04-07 02:46:17,memes,memes,entertainment,Entertainment,[],0,187,3,,0.98,https://i.redd.it/a1nvy1khtbte1.jpeg,HatesAwards
1jmo1xz,reddit,"When you ""3:"" when you mean to "":3""",,2025-03-29 14:55:54,memes,memes,entertainment,Entertainment,[],0,186,8,,0.94,https://i.redd.it/8xr1wlgg7nre1.jpeg,Far_Match_3774
1jk8rv2,reddit,All hail our AI overlords!,,2025-03-26 10:40:18,memes,memes,entertainment,Entertainment,[],0,185,75,,0.76,https://i.redd.it/5dqn67qyi0re1.jpeg,FenixSword
1jpdart,reddit,Sad but true😔🥀💔,,2025-04-02 01:59:16,memes,memes,entertainment,Entertainment,[],0,185,33,,0.93,https://i.redd.it/8drf2sdgwbse1.jpeg,wiggly_worms121
1jp0xk0,reddit,thank you jack,,2025-04-01 17:09:28,memes,memes,entertainment,Entertainment,[],0,188,48,,0.83,https://i.redd.it/qyjcqn30a9se1.gif,kaisavager
1k6s1s6,reddit,The classic,,2025-04-24 13:20:58,memes,memes,entertainment,Entertainment,[],0,191,2,,0.94,https://i.redd.it/aigpfjl7aswe1.jpeg,GroundbreakingDesk10
1k626pl,reddit,😂😂it be like that tho,,2025-04-23 15:34:57,memes,memes,entertainment,Entertainment,[],0,182,9,,0.96,https://i.redd.it/aale55m7tlwe1.jpeg,s1n0d3utscht3k
1k12yj6,reddit,"Why, why, why?",,2025-04-17 03:08:45,memes,memes,entertainment,Entertainment,[],0,181,37,,0.9,https://i.redd.it/bqzkyuqlabve1.jpeg,localgunplaguy
1jqfbro,reddit,But why...why waste our time,,2025-04-03 10:55:18,memes,memes,entertainment,Entertainment,[],0,184,4,,0.98,https://i.redd.it/f6r1y053plse1.jpeg,MahmoudAO
1k21qgy,reddit,"Mercedes-Benz, always above the competition",,2025-04-18 10:32:25,memes,memes,entertainment,Entertainment,[],0,182,3,,0.98,https://i.redd.it/i13nl2eomkve1.jpeg,AngeloHakkinen
1jqnvsr,reddit,"Are they, though?",,2025-04-03 17:03:00,memes,memes,entertainment,Entertainment,[],0,178,5,,0.97,https://i.redd.it/e33mtctoinse1.png,Glad-Virus-1036
1jxmtde,reddit,4 min is max..,,2025-04-12 17:38:53,memes,memes,entertainment,Entertainment,[],0,183,2,,0.95,https://i.redd.it/cf351vhaxfue1.jpeg,srkstan
1js5ruj,reddit,Purely for shits and giggles ( I am old and have kids) and found it hilarious,,2025-04-05 15:18:28,memes,memes,entertainment,Entertainment,[],0,185,2,,0.96,https://i.redd.it/thmfy2qt91te1.jpeg,PMacc83
1k4mrwk,reddit,"Yes, I ABSOLUTELY AGREE",,2025-04-21 19:49:12,memes,memes,entertainment,Entertainment,[],0,185,3,,0.98,https://i.redd.it/1burbbxqs8we1.jpeg,WallabyNo5685
1k1o2aj,reddit,Chicken Stocky,,2025-04-17 21:20:21,memes,memes,entertainment,Entertainment,[],0,176,13,,0.79,https://i.redd.it/cz63vp1dpgve1.jpeg,duMb-pLus_uLtra
1jmo8cj,reddit,Typical Asian household situation.,,2025-03-29 15:03:56,memes,memes,entertainment,Entertainment,[],0,181,3,,0.98,https://i.redd.it/9klhhqxv8nre1.jpeg,styx24567
1k6uisg,reddit,"Goodbye, 4chan",,2025-04-24 15:05:35,memes,memes,entertainment,Entertainment,[],0,195,72,,0.92,https://i.redd.it/v6se8h9vsswe1.jpeg,Missbedd
1k1zzvu,reddit,Literally Best Feeling Ever,,2025-04-18 08:30:36,memes,memes,entertainment,Entertainment,[],0,181,4,,0.96,https://i.redd.it/f3y36vyx0kve1.jpeg,ReyCollins
1jqpqyp,reddit,In this economy? Momma Mia,,2025-04-03 18:13:24,memes,memes,entertainment,Entertainment,[],0,179,10,,0.94,https://i.redd.it/spx8h7v8vnse1.jpeg,HansenAintIt
1jmt0oo,reddit,Ain't no way,,2025-03-29 18:37:57,memes,memes,entertainment,Entertainment,[],0,180,34,,0.91,https://v.redd.it/5muak7i2bore1,momsvaginaresearcher
1k4dzhp,reddit,Diabolical,,2025-04-21 13:49:33,memes,memes,entertainment,Entertainment,[],0,177,3,,0.97,https://i.redd.it/pt36gbzk07we1.jpeg,PDPSVC67
1k3kelo,reddit,Happy Easter everyone!!,,2025-04-20 11:23:42,memes,memes,entertainment,Entertainment,[],0,180,5,,0.96,https://i.redd.it/6m8xh9in5zve1.jpeg,God-2008
1k35ekw,reddit,Good Deed Of The Day,,2025-04-19 20:22:06,memes,memes,entertainment,Entertainment,[],0,177,1,,0.97,https://i.redd.it/0o3evcisouve1.jpeg,Sailor_Twift_1
1k3454i,reddit,Happy 420!,,2025-04-19 19:24:04,memes,memes,entertainment,Entertainment,[],0,181,58,,0.85,https://i.redd.it/vzskm2wfeuve1.jpeg,Scenic-City-Film-Guy
1jyk9cy,reddit,Thanks Mom,,2025-04-13 22:48:55,memes,memes,entertainment,Entertainment,[],0,179,19,,0.91,https://i.redd.it/wtj4doqiloue1.jpeg,redditsucksass69765
1k40o7f,reddit,When the shame sets in,,2025-04-21 00:28:36,memes,memes,entertainment,Entertainment,[],0,178,19,,0.83,https://i.redd.it/qrkdnuno13we1.jpeg,Yoguls
1jmvrxl,reddit,They should be arrested. All of them!,,2025-03-29 20:44:06,memes,memes,entertainment,Entertainment,[],0,177,10,,0.93,https://i.redd.it/lbvju4ukxore1.jpeg,TheTrueOrangeGuy
1jua82t,reddit,Australia Tax is Real,,2025-04-08 10:24:04,memes,memes,entertainment,Entertainment,[],0,172,5,,0.96,https://i.redd.it/ftgid4k28lte1.jpeg,ShadowFlux85
1jnb65q,reddit,Can we purge them,,2025-03-30 12:17:25,memes,memes,entertainment,Entertainment,[],0,178,13,,0.96,https://i.redd.it/nytsdu03ktre1.jpeg,ZealousidealChain473
1k6uosv,reddit,Is that how to get better?,,2025-04-24 15:12:40,memes,memes,entertainment,Entertainment,[],0,177,3,,0.97,https://i.redd.it/w7wr79b5uswe1.jpeg,Worth-Boysenberry-93
1jlots1,reddit,new acc experience on reddit be like:-,,2025-03-28 06:30:12,memes,memes,entertainment,Entertainment,[],0,171,10,,0.96,https://i.redd.it/4vj60eo7kdre1.png,Chai_Tapri
1jtz1jh,reddit,And nightmares are ensured,,2025-04-07 23:06:40,memes,memes,entertainment,Entertainment,[],0,172,14,,0.96,https://i.redd.it/5t6dspt7vhte1.jpeg,Soul699
1jstlc9,reddit,Isn’t this what you warned me about?,,2025-04-06 13:01:10,memes,memes,entertainment,Entertainment,[],0,177,3,,0.96,https://i.redd.it/beyjtoz9q7te1.jpeg,BiAndShy57
1k6x905,reddit,I dont post,,2025-04-24 16:55:36,memes,memes,entertainment,Entertainment,[],0,208,0,,0.99,https://i.redd.it/1wglbbeictwe1.jpeg,Rakishamon
1jzhk60,reddit,"Oh boy, another cat meme",,2025-04-15 03:02:22,memes,memes,entertainment,Entertainment,[],0,172,3,,0.95,https://i.redd.it/3hlt79jmzwue1.jpeg,plzhelpIdieing
1jvebot,reddit,I don't even know what the songs are called,,2025-04-09 19:22:08,memes,memes,entertainment,Entertainment,[],0,171,52,,0.93,https://i.redd.it/xdivklxt0vte1.png,Interesting-Donkey13
1jsz0ov,reddit,"Warms the heart, doesn’t it?",,2025-04-06 17:09:43,memes,memes,entertainment,Entertainment,[],0,168,8,,0.95,https://i.redd.it/80kjefcmy8te1.jpeg,ReservedPickup12
1jz0uqy,reddit,"Can Reddit have a functioning UI, for 5 seconds?",,2025-04-14 14:54:51,memes,memes,entertainment,Entertainment,[],0,166,9,,0.96,https://i.redd.it/9icul3oudtue1.png,siphagiel
1jq6xbn,reddit,"Terrible name, Terrible Prices",,2025-04-03 02:25:54,memes,memes,entertainment,Entertainment,[],0,167,21,,0.84,https://i.redd.it/i0ghcrh76jse1.jpeg,AimlessFacade
1jlkdj5,reddit,Help the bear!!,,2025-03-28 02:07:26,memes,memes,entertainment,Entertainment,[],0,164,5,,0.98,https://i.redd.it/812hucpf9cre1.jpeg,Grouchy-Leading3597
1jvyuhd,reddit,"Such great effort, but yet you gain a second place medal",,2025-04-10 14:09:59,memes,memes,entertainment,Entertainment,[],0,165,19,,0.95,https://i.redd.it/c35z51q6m0ue1.png,MyCatIsCapitalist
1k6y8j3,reddit,Let's gooo!!,,2025-04-24 17:35:25,memes,memes,entertainment,Entertainment,[],0,187,2,,0.97,https://i.redd.it/ngjnsj5mjtwe1.jpeg,D3niel-S3n
1jtm90n,reddit,Bro's too innocent...,,2025-04-07 14:14:11,memes,memes,entertainment,Entertainment,[],0,168,2,,0.95,https://v.redd.it/y9atvpp78fte1,NooBGam3R007
1k72sgy,reddit,Don’t be like Steve guys,,2025-04-24 20:39:20,memes,memes,entertainment,Entertainment,[],0,228,3,,0.94,https://i.redd.it/2js8ybdfguwe1.jpeg,VitalMaTThews
1k0nxky,reddit,My evilness has no end,,2025-04-16 15:58:32,memes,memes,entertainment,Entertainment,[],0,164,13,,0.96,https://i.redd.it/ntnc3ea1z7ve1.gif,tritapolli
1jqo9bu,reddit,Change my mind,,2025-04-03 17:17:17,memes,memes,entertainment,Entertainment,[],0,162,13,,0.96,https://i.redd.it/prqcuw67lnse1.png,Xerzajik
1k2ycvi,reddit,And they take so long to install,,2025-04-19 15:07:29,memes,memes,entertainment,Entertainment,[],0,161,5,,0.94,https://i.redd.it/y2yrmkfj4tve1.jpeg,Marsupial-731
1k70n2n,reddit,I’m gonna be posting so much because old memes are back baby,,2025-04-24 19:11:51,memes,memes,entertainment,Entertainment,[],0,275,4,,0.98,https://i.redd.it/85mtecit0uwe1.jpeg,CrunchyCrochetSoup
1k3wili,reddit,The greatest convergence in human history,,2025-04-20 21:05:38,memes,memes,entertainment,Entertainment,[],0,161,4,,0.97,https://i.redd.it/hboj9o1h12we1.jpeg,Equivalent-Artist899
1k2x8m7,reddit,"I know it hurts so bad, yet so good 😭",,2025-04-19 14:15:58,memes,memes,entertainment,Entertainment,[],0,161,11,,0.86,https://i.redd.it/qybqci3gvsve1.jpeg,Chobitssu
1js1es0,reddit,The struggle is real.,,2025-04-05 11:32:16,memes,memes,entertainment,Entertainment,[],0,161,6,,0.94,https://i.redd.it/oxdzwe2i50te1.jpeg,Digim0rt4l
1k2mjs9,reddit,90s kids are crazy,,2025-04-19 02:54:25,memes,memes,entertainment,Entertainment,[],0,158,3,,0.89,https://i.redd.it/dftepshvhpve1.jpeg,ILoveYouZim
1jtqw5w,reddit,Crashout joy,,2025-04-07 17:25:37,memes,memes,entertainment,Entertainment,[],0,165,7,,0.99,https://i.redd.it/iqc9a91b6gte1.png,Virasman
1jw42fy,reddit,Why you gotta do this to me man 😭,,2025-04-10 17:49:18,memes,memes,entertainment,Entertainment,[],0,164,14,,0.92,https://v.redd.it/8s74xzrbp1ue1,Im_yor_boi
1jt1cgx,reddit,I'll fight any of you!,,2025-04-06 18:48:15,memes,memes,entertainment,Entertainment,[],0,159,4,,0.95,https://i.redd.it/knlqm6r6g9te1.png,AmpovHater
1jvkhzd,reddit,A meme for the meme makers,,2025-04-09 23:55:49,memes,memes,entertainment,Entertainment,[],0,157,10,,0.96,https://i.redd.it/kjw5s66tdwte1.jpeg,adambarker9524
1jsgg91,reddit,Millennials looking at Gen Z now after having gone through their first financial crisis during Covid,,2025-04-05 23:17:21,memes,memes,entertainment,Entertainment,[],0,156,27,,0.89,https://i.redd.it/zv07kb91n3te1.jpeg,YogurtclosetFeeling6
1jrkrey,reddit,Hollywood is abusing actor's likenesses :(,,2025-04-04 19:43:59,memes,memes,entertainment,Entertainment,[],0,160,7,,0.94,https://i.redd.it/cbzs4lobgvse1.jpeg,throwaway8675309518
1jp2h0s,reddit,April fools is now meaningless,,2025-04-01 18:10:36,memes,memes,entertainment,Entertainment,[],0,160,3,,0.94,https://i.redd.it/wc24m6cxk9se1.jpeg,ParkingMud4746
1jnu23u,reddit,Summer time,,2025-03-31 03:23:06,memes,memes,entertainment,Entertainment,[],0,163,9,,0.89,https://v.redd.it/nflu16zn1yre1,Tenchi_Muyo1
1k3r1cd,reddit,Realllllll,,2025-04-20 16:56:54,memes,memes,entertainment,Entertainment,[],0,156,1,,0.96,https://i.redd.it/ujrvlpi3t0we1.jpeg,Rdr2fan133
1jlszfr,reddit,Cause and effect,,2025-03-28 11:36:00,memes,memes,entertainment,Entertainment,[],0,156,3,,0.96,https://i.redd.it/z3l8i4jv2fre1.png,knj23
1k43fqw,reddit,Sent to me minutes ago. People work FAST,,2025-04-21 02:55:33,memes,memes,entertainment,Entertainment,[],0,159,11,,0.93,https://i.redd.it/t755aagwr3we1.jpeg,ogresound1987
