subreddit,post_id,title,content,score,upvote_ratio,num_comments,created_at,url,author
technology,1jipi7q,"New LED displays packing 90nm 'virus-sized' pixels can deliver 127,000 PPI visuals",,123,0.92,59,2025-03-24 12:30:44,https://www.tomshardware.com/monitors/new-led-displays-packing-90nm-virus-sized-pixels-can-deliver-127-000-ppi-visuals,Logical_Welder3467
technology,1k1jn9a,Most carbon-rich asteroids never make it to Earth—and now we know why,,125,0.94,12,2025-04-17 18:13:27,https://gizmodo.com/most-carbon-rich-asteroids-never-make-it-to-earth-and-now-we-know-why-2000588954,fchung
technology,1jz2yeb,Texans' embrace of turbines may herald winds of change,,124,0.91,5,2025-04-14 16:20:31,https://techxplore.com/news/2025-04-texans-embrace-turbines-herald.html,sundler
technology,1k4e47c,"Chinese EV battery maker CATL launches 2nd-gen battery, says it can add over 300 miles of range in just minutes",,117,0.89,31,2025-04-21 13:55:21,https://www.businessinsider.com/catl-takes-on-byd-tesla-with-fast-charging-ev-battery-2025-4,Snowfish52
technology,1jwi8oe,Senator Chris Murphy Accuses Trump of Running Crypto Backdoor Bribery Scheme,,122,0.98,6,2025-04-11 05:12:26,https://cryptonews.com/news/senator-chris-murphy-accuses-trump-of-running-crypto-backdoor-bribery-scheme/,MothersMiIk
technology,1jr6ed1,Trump tariffs could stymie Big Tech's US data center spending spree,,117,0.91,11,2025-04-04 07:43:48,https://www.reuters.com/technology/trump-tariffs-could-stymie-big-techs-us-data-center-spending-spree-2025-04-03/,NecessarySignal0007
technology,1jq2s5e,Senators revive efforts to strip tech companies of key legal protection,,117,0.93,11,2025-04-02 23:10:03,https://thehill.com/policy/technology/5225737-senators-revive-efforts-to-strip-tech-companies-of-key-legal-protection/?email=467cb6399cb7df64551775e431052b43a775c749&emaila=12a6d4d069cd56cfddaa391c24eb7042&emailb=054528e7403871c79f668e49dd3c44b1ec00c7f611bf9388f76bb2324d6ca5f3,vriska1
technology,1jp0vey,Japan enforces law for swift removal of defamatory online posts,,118,0.94,9,2025-04-01 17:07:03,https://japantoday.com/category/national/japan-enforces-law-for-swift-removal-of-defamatory-online-posts,No-Information6622
technology,1js7j5x,"AI could affect 40% of jobs and widen inequality between nations, UN warns",,119,0.89,13,2025-04-05 16:37:44,https://www.cnbc.com/2025/04/04/ai-could-affect-40percent-of-jobs-widen-inequality-between-nations-un.html,MetaKnowing
technology,1jo69dm,Open source devs are fighting AI crawlers with cleverness and vengeance,,117,0.93,6,2025-03-31 15:43:46,https://techcrunch.com/2025/03/27/open-source-devs-are-fighting-ai-crawlers-with-cleverness-and-vengeance/,GL4389
technology,1k2b9fd,James Webb telescope spots Milky Way's long-lost 'twin' — and it is 'fundamentally changing our view of the early universe',,114,0.93,13,2025-04-18 17:58:21,https://www.livescience.com/space/astronomy/james-webb-telescope-spots-milky-ways-long-lost-twin-and-it-is-fundamentally-changing-our-view-of-the-early-universe,fchung
technology,1k1fgd8,Google loses online advertising monopoly case,,116,0.98,7,2025-04-17 15:22:20,https://www.axios.com/2025/04/17/google-ad-tech-monopoly-antitrust-ruling?utm_source=twitter&utm_campaign=editorial&utm_medium=social,CrispyMiner
technology,1jx4wvx,"AI isn’t ready to replace human coders for debugging, researchers say | Even when given access to tools, AI agents can't reliably debug software.",,115,0.88,29,2025-04-12 00:30:06,https://arstechnica.com/ai/2025/04/researchers-find-ai-is-pretty-bad-at-debugging-but-theyre-working-on-it/,ControlCAD
technology,1jx603r,"Meta’s AI research lab is ‘dying a slow death,’ some insiders say. Meta prefers to call it ‘a new beginning’",,115,0.96,9,2025-04-12 01:27:42,https://fortune.com/2025/04/10/meta-ai-research-lab-fair-questions-departures-future-yann-lecun-new-beginning/,ravik_reddit_007
technology,1jou6m6,"New Microsoft login screens emphasize passkeys and ""passwordless"" authentication",,116,0.89,67,2025-04-01 12:19:35,https://www.techspot.com/news/107353-new-microsoft-login-screens-emphasize-passkeys-passwordless-authentication.html,AdSpecialist6598
technology,1k3cr3a,China achieves record efficiency in flexible tandem solar cells,,114,0.84,28,2025-04-20 02:41:21,https://interestingengineering.com/energy/chinese-efficiency-record-flexible-solar-cells,yogthos
technology,1jzf6w5,South Korea unveils $23 billion support package for chips amid US tariff uncertainty,,113,0.97,1,2025-04-15 01:01:37,https://www.reuters.com/technology/south-korea-unveils-23-billion-support-package-chips-amid-us-tariff-uncertainty-2025-04-14/,self-fix
technology,1jxlkwr,Ex-OpenAI staffers file amicus brief opposing the company's for-profit transition,,113,0.95,0,2025-04-12 16:45:22,https://techcrunch.com/2025/04/11/ex-openai-staff-file-amicus-brief-opposing-the-companys-for-profit-transition/,MetaKnowing
technology,1jx8h9g,Google Lays Off Hundreds in Platforms and Devices Unit,,117,0.94,10,2025-04-12 03:48:02,https://www.entrepreneur.com/business-news/google-lays-off-hundreds-in-platforms-and-devices-unit/489916,Conscious-Quarter423
technology,1k5h4fc,Taxes and fees not included: T-Mobile’s latest price lock is nearly meaningless | T-Mobile makes 5-year price guarantee after refusing to honor lifetime price lock.,,262,0.96,18,2025-04-22 20:47:30,https://arstechnica.com/tech-policy/2025/04/taxes-and-fees-not-included-t-mobiles-latest-price-lock-is-nearly-meaningless/#comments,ControlCAD
technology,1jrzoum,Singapore's cyborg cockroaches helping with search-and-rescue efforts in Myanmar quake,,110,0.96,2,2025-04-05 09:32:11,https://www.straitstimes.com/singapore/spores-cyborg-cockroaches-helping-with-search-and-rescue-efforts-in-myanmar-quake,memloh
technology,1ju3m28,Git turns 20 as we celebrate decades of open-source software distribution,,114,0.92,5,2025-04-08 02:55:34,https://www.tomshardware.com/software/git-turns-20-as-we-celebrate-decades-of-open-source-software-distribution,ControlCAD
technology,1jptt1j,It's Official: Nvidia Is Making The Nintendo Switch 2's Processor,,112,0.89,16,2025-04-02 17:05:29,https://www.xda-developers.com/its-official-nvidia-is-making-the-nintendo-switch-2s-processor/,Mynameis__--__
technology,1jljkzu,Trump floats easing tariffs on China in return for TikTok deal,,112,0.81,77,2025-03-28 01:27:12,https://www.theguardian.com/technology/2025/mar/27/donald-trump-china-tariffs-tiktok-deal?CMP=Share_AndroidApp_Other,davster39
technology,1jj624y,Organic molecules of unprecedented size discovered on Mars,,111,0.89,22,2025-03-24 23:59:09,https://phys.org/news/2025-03-molecules-unprecedented-size-mars.html,lurker_bee
technology,1jui1ps,Major publishers call on the US government to ‘Stop AI Theft’ | Publishers across the US are participating in an ad campaign asking to ‘make Big Tech pay for the content it takes.’,,109,0.9,8,2025-04-08 16:38:42,https://www.theverge.com/news/644612/major-publishers-stop-ai-theft-ad-campaign,MetaKnowing
technology,1jtmtq3,China's rare earth export restrictions threaten global chipmaking supply chains | Scandium and Dysprosium are just the latest materials added to the list.,,109,0.96,10,2025-04-07 14:38:57,https://www.tomshardware.com/tech-industry/chinas-rare-earth-export-restrictions-threaten-global-chipmaking-supply-chains,ControlCAD
technology,1jpw867,"AI bots strain Wikimedia as bandwidth surges 50% | Automated AI bots seeking training data threaten Wikipedia project stability, foundation says.",,111,0.97,13,2025-04-02 18:39:18,https://arstechnica.com/information-technology/2025/04/ai-bots-strain-wikimedia-as-bandwidth-surges-50/,chrisdh79
technology,1jom1tq,Ford Patents A Manual Gear Shifter For EVs,,112,0.85,73,2025-04-01 03:19:54,https://insideevs.com/news/754432/ford-patent-manual-shifter-evs/,habichuelacondulce
technology,1jz6z2v,Justice Department charges man with arson at New Mexico Tesla dealership and GOP headquarters,,110,0.87,10,2025-04-14 19:02:09,https://apnews.com/article/tesla-vandalism-gop-headquarters-bondi-justice-da0d73357da4b89f28231b6c55ef009b,NecessarySignal0007
technology,1k4a5mo,"ChatGPT is now a potent tool for finding the locations of photos, raising doxxing concerns | Some are concerned about the privacy implications and the potential for doxing.",,110,0.82,50,2025-04-21 10:22:29,https://www.tomshardware.com/tech-industry/artificial-intelligence/chatgpt-becomes-a-formidable-geo-guesser-after-the-latest-model-updates,chrisdh79
technology,1juzlzl,Twitch starts refunding subs to permabanned channels following Dexerto investigation,,107,0.89,9,2025-04-09 06:55:21,https://www.dexerto.com/twitch/twitch-starts-refunding-subs-to-permabanned-channels-following-dexerto-investigation-3177615/,esporx
technology,1jo9xe8,Google to pay $100 million to settle 14-year-old advertising lawsuit,,108,0.94,5,2025-03-31 18:13:14,https://www.theverge.com/news/638630/google-100-million-settlement-advertising-class-action-lawsuit,devshekhawat7
technology,1jm1mnt,"Elons next grift: Advertise on X, or we'll sic the government on you.",,107,0.91,21,2025-03-28 18:14:31,https://www.techspot.com/news/107315-fear-favor-bringing-advertisers-back-x-under-musk.html,ribald_jester
technology,1jkn6qp,OpenAI ChatGPT Users Are Creating Studio Ghibli-Style AI Images,,104,0.68,660,2025-03-26 21:26:24,https://variety.com/2025/digital/news/openai-ceo-chatgpt-studio-ghibli-ai-images-1236349141/,Radish-Diligent
technology,1jw6hdk,"EU, China will look into setting minimum prices on electric vehicles, EU says",,104,0.9,37,2025-04-10 19:29:26,https://finance.yahoo.com/news/eu-china-start-talks-lifting-173917473.html?guccounter=1&guce_referrer=aHR0cHM6Ly93d3cucmVkZGl0LmNvbS8&guce_referrer_sig=AQAAAEVBsLqcecHC6WDduhb27k-_N6UHKU_dum-zuMbVpPBxwcQwi6lEtwfUEZKDcFn4MU6gbSYqd1ld-sWx4GMkX8u68tCi-5mXPUpXZ8ckcayb-yg6vhj3QG7Y1xM82YtuW2khqxi9HL2M_8LGKn1LALm2RjPsaeUtgb6l64oktlsk,esporx
technology,1jsb5b8,A 32-bit processor made with an atomically thin semiconductor,,104,0.94,4,2025-04-05 19:14:18,https://arstechnica.com/science/2025/04/researchers-build-a-risc-v-processor-using-a-2d-semiconductor/,yogthos
technology,1jqr0h1,Windows 11 is getting a big Start menu overhaul with better layout customization and more,,107,0.78,148,2025-04-03 19:01:27,https://www.windowscentral.com/software-apps/windows-11/windows-11-is-getting-a-big-start-menu-overhaul-with-better-layout-customization-heres-a-first-look,ZacB_
technology,1jnfgc9,"Move fast, kill things: the tech startups trying to reinvent defence with Silicon Valley values",,107,0.91,4,2025-03-30 15:53:25,https://www.theguardian.com/world/2025/mar/29/move-fast-kill-things-the-tech-startups-trying-to-reinvent-defence-with-silicon-valley-values,Hrmbee
technology,1jmoo65,Fashion giant H&M plans to use AI clones of its human models. Not everyone is happy,,105,0.86,63,2025-03-29 15:23:48,https://www.cnn.com/2025/03/28/style/h-and-m-ai-models-intl-scli/index.html,MetaKnowing
technology,1jvwomi,"Apple airlifts 600 tons of iPhones from India 'to beat' Trump tariffs, sources say | Reuters",,108,0.86,13,2025-04-10 12:28:59,https://www.reuters.com/technology/apple-airlifts-600-tons-iphones-india-to-beat-trump-tariffs-sources-say-2025-04-10/,BROWN-MUNDA_
technology,1jvar6q,What would happen if Section 230 went away? A legal expert explains the consequences of repealing ‘the law that built the internet’,,104,0.93,11,2025-04-09 16:58:08,https://theconversation.com/what-would-happen-if-section-230-went-away-a-legal-expert-explains-the-consequences-of-repealing-the-law-that-built-the-internet-253326,bobstonite
technology,1k4lvif,Bay Area traveler says Uber gift cards boosted fare,,104,0.88,14,2025-04-21 19:12:52,https://www.sfgate.com/travel/article/bay-area-traveler-says-uber-gift-cards-boosted-20281408.php,abrownn
technology,1k5nx1k,"Intel to cut over 20% of workforce, Bloomberg News reports",,910,0.97,68,2025-04-23 02:03:29,https://finance.yahoo.com/news/intel-cut-over-20-workforce-004251026.html,IDUnavailable
technology,1jubrro,"Clean energy powered 40% of global electricity in 2024, report finds",,101,0.93,7,2025-04-08 11:58:34,https://www.theguardian.com/business/2025/apr/08/clean-energy-powered-40-of-global-electricity-in-2024-report-finds,Wagamaga
technology,1jo9s2q,"Open Source Genetic Database Shuts Down to Protect Users From 'Authoritarian Governments' | ""The risk/benefit calculus of providing free & open access to individual genetic data in 2025 is very different compared to 14 years ago.""",,102,0.94,1,2025-03-31 18:07:22,https://www.404media.co/open-source-genetic-database-opensnp-shuts-down-to-protect-users-from-authoritarian-governments/,chrisdh79
technology,1jm2ktq,Oracle Health breach compromises patient data at US hospitals,,99,0.94,3,2025-03-28 18:54:38,https://www.bleepingcomputer.com/news/security/oracle-health-breach-compromises-patient-data-at-us-hospitals/,lurker_bee
technology,1jl5p2x,UK's first permanent facial recognition cameras installed in South London. As if living in Croydon wasn't bad enough,,104,0.92,22,2025-03-27 14:50:19,https://www.theregister.com/2025/03/27/uk_facial_recognition/,Logical_Welder3467
technology,1k5aapk,"US sets tariffs of up to 3,521% on South East Asia solar panels",,105,0.86,45,2025-04-22 16:14:30,https://www.bbc.com/news/articles/c5ygdv47vlzo,BothZookeepergame612
technology,1k0b2la,Microsoft warns of Outlook Classic bug that can crank CPU use up to 50% when typing | The company recommends switching update channels as a band-aid solution.,,103,0.9,36,2025-04-16 03:36:39,https://www.tomshardware.com/software/microsoft-office/microsoft-warns-of-outlook-classic-bug-that-can-crank-cpu-use-up-to-50-percent-when-typing,ControlCAD
technology,1k2qkyu,Google adds YouTube Music feature to end annoying volume shifts | Automatic audio leveling is coming to YouTube Music.,,102,0.87,27,2025-04-19 07:12:01,https://arstechnica.com/gadgets/2025/04/youtube-music-gets-consistent-volume-option-to-save-your-ears/,ControlCAD
technology,1jwkvet,Ukraine is winning the drone start-up war,,96,0.9,1,2025-04-11 08:22:14,https://www.ft.com/content/2c7d3c96-f6a8-4afa-bd88-5ea2fa39f5c1,HydrolicKrane
technology,1k52pu9,Hacking US crosswalks to talk like Zuck is as easy as 1234 - AI-spoofed Mark joins fellow billionaires as the voice of the street – here's how it was probably done,,98,0.88,7,2025-04-22 10:11:21,https://www.theregister.com/2025/04/19/us_crosswalk_button_hacking/?td=rt-3a,Loki-L
technology,1k4c3d0,Microsoft's BitNet shows what AI can do with just 400MB and no GPU,,99,0.84,42,2025-04-21 12:17:46,https://www.techspot.com/news/107617-microsoft-bitnet-shows-what-ai-can-do-400mb.html,AdSpecialist6598
technology,1k1eniz,"Google Is a Monopolist in Online Advertising Tech, Judge Says",,100,0.94,3,2025-04-17 14:48:48,https://www.nytimes.com/2025/04/17/technology/google-ad-tech-antitrust-ruling.html?smid=nytcore-ios-share&referringSource=articleShare,SportsGod3
technology,1k1chrf,‘Stupid and Dangerous’: CISA Funding Chaos Threatens Essential Cybersecurity Program | The CVE Program is the primary way software vulnerabilities are tracked. Its long-term future remains in limbo even after a last-minute renewal of the US government contract that funds it,,100,0.96,9,2025-04-17 13:14:33,https://www.wired.com/story/cve-program-cisa-funding-chaos/,Hrmbee
technology,1k0hzt8,Nvidia writes off $5.5 billion in GPUs as US gov't chokes off supply of H20s to China | AMD's Instinct MI308 reportedly gets export restrictions too.,,99,0.91,17,2025-04-16 11:23:36,https://www.tomshardware.com/tech-industry/artificial-intelligence/nvidia-writes-off-usd5-5-billion-in-gpus-as-us-govt-chokes-off-supply-of-h20s-to-china,chrisdh79
technology,1jxpqzv,"For the first time, scientists map the half-billion connections that allow mice to see",,95,0.93,5,2025-04-12 19:49:12,https://engineering.princeton.edu/news/2025/04/09/scientists-map-vision-centers-mammalian-brain,fchung
technology,1jvejsb,"UK Police Going Full Minority Report, Building ‘Murder Prediction’ Tool. The algorithm is designed to identify people most likely to become killers.",,97,0.87,34,2025-04-09 19:31:37,https://gizmodo.com/uk-police-going-full-minority-report-building-murder-prediction-tool-2000587099,indig0sixalpha
technology,1k07k7a,Amazon emails sellers to gauge how Trump's tariffs are impacting their businesses,,93,0.9,16,2025-04-16 00:32:12,https://www.cnbc.com/2025/04/15/amazon-emails-sellers-to-gauge-how-trumps-tariffs-impacting-business.html,ControlCAD
technology,1jx4a28,Boarding passes and check-in could be scrapped in air travel shake-up,,90,0.88,52,2025-04-11 23:56:52,https://www.theguardian.com/world/2025/apr/11/boarding-passes-and-check-in-to-be-scrapped-in-air-travel-shake-up-plans,moeka_8962
technology,1jit5h2,AI chip startup FuriosaAI reportedly turns down $800M acquisition offer from Meta,,98,0.91,10,2025-03-24 15:18:30,https://techcrunch.com/2025/03/24/ai-chip-startup-furiosaai-reportedly-turns-down-800m-acquisition-offer-from-meta/,Logical_Welder3467
technology,1jrk888,SF tech CEO lays off hundreds after paying workers $30K to quit last year,,95,0.89,6,2025-04-04 19:21:05,https://www.sfgate.com/tech/article/automattic-sf-ceo-lays-off-20257904.php,abrownn
technology,1k1aft5,Lab-grown chicken ‘nuggets’ hailed as ‘transformative step’ for cultured meat. Japanese-led team grow 11g chunk of chicken – and say product could be on market in five- to 10 years.,,92,0.88,42,2025-04-17 11:28:30,https://www.theguardian.com/environment/2025/apr/16/nugget-sized-chicken-chunks-grown-transformative-step-for-cultured-lab-grown-meat,mvea
technology,1jwzygm,Schools lined up for help getting cleaner school buses. Then came the EPA freeze,,89,0.95,2,2025-04-11 20:36:50,https://apnews.com/article/trump-electric-school-buses-districts-funding-biden-19fe231d30fc8ff606cae9f6987074c8,Majano57
technology,1jkf2vs,Linux kernel 6.14 is a big leap forward in performance and Windows compatibility,,89,0.92,11,2025-03-26 15:54:08,https://www.zdnet.com/article/linux-kernel-6-14-is-a-big-leap-forward-in-performance-and-windows-compatibility/,CrankyBear
technology,1juwmfw,"TAKE IT DOWN Act Passes House Commerce, But Not Without a Fight",,89,0.84,19,2025-04-09 03:40:49,https://broadbandbreakfast.com/take-it-down-act-passes-house-commerce-but-not-without-a-fight/,Anoth3rDude
technology,1jobw1x,"Lithium-ion batteries, particularly in vapes, continue to climb in waste streams | Tiny batteries and ""disposable"" e-cigs remain big risks for waste handlers.",,90,0.95,17,2025-03-31 19:33:26,https://arstechnica.com/gadgets/2025/03/lithium-ion-battery-waste-fires-are-increasing-and-vapes-are-a-big-part-of-it/,chrisdh79
technology,1k2f93j,4 arrested in Japan for selling explicit AI-created posters,,93,0.88,5,2025-04-18 20:48:41,https://english.kyodonews.net/news/2025/04/038bac2ce2c4-4-arrested-in-japan-for-selling-explicit-ai-created-posters.html,ubcstaffer123
technology,1jyudr6,"In Silicon Valley, tech leaders' support of Trump creates a divide",,90,0.9,5,2025-04-14 09:04:23,https://apnews.com/article/silicon-valley-tech-workers-musk-trump-billionaires-b968a67889a2430d4906108fb7d28f8a,HellYeahDamnWrite
technology,1jw5ohp,"In Secret Meeting, China Acknowledged Role in U.S. Infrastructure Hacks — A senior Chinese official linked intrusions to escalating U.S. support for Taiwan",,86,0.87,7,2025-04-10 18:55:41,https://www.wsj.com/politics/national-security/in-secret-meeting-china-acknowledged-role-in-u-s-infrastructure-hacks-c5ab37cb,abrownn
technology,1k46fuw,British companies warned amid growing concerns over North Korea's 'hoax IT workers',,90,0.9,0,2025-04-21 05:57:59,https://koreajoongangdaily.joins.com/news/2025-04-21/national/northKorea/British-companies-warned-amid-growing-concerns-over-North-Koreas-hoax-IT-workers/2289739,Saltedline
technology,1jjo2fz,Apple is about to spend $1 billion on NVIDIA servers for AI: analyst,,87,0.84,15,2025-03-25 16:52:08,https://9to5mac.com/2025/03/25/apple-is-about-to-spend-1-billion-on-nvidia-servers-for-ai-analyst/,Psy-Demon
technology,1jpxoup,Site-Blocking Legislation Is Back. It’s Still a Terrible Idea.,,90,0.91,15,2025-04-02 19:38:20,https://www.eff.org/deeplinks/2025/04/congress-reviving-site-blocking-and-its-just-dangerous-ever,Anoth3rDude
technology,1jnakdn,NASA’s Curiosity rover has found the longest chain carbon molecules yet on Mars | It’s a significant finding in the search for alien life.,,86,0.9,0,2025-03-30 11:37:56,https://arstechnica.com/science/2025/03/nasas-curiosity-rover-has-found-the-longest-chain-carbon-molecules-yet-on-mars/,chrisdh79
technology,1k0tkdv,CVE program gets last-minute funding from CISA – and maybe a new home,,89,0.97,4,2025-04-16 19:47:10,https://www.theregister.com/2025/04/16/cve_program_funding_save/,UprightGroup
technology,1jywrpf,Dot com era crash on the cards for AI datacenter spending? It's a 'risk',,85,0.89,3,2025-04-14 11:41:36,https://www.theregister.com/2025/04/14/datacenter_spending_ai/,NotHallamHope
technology,1jpp153,The ‘father of the internet’ and hundreds of tech experts worry we’ll rely on AI too much,,84,0.85,34,2025-04-02 13:50:29,https://www.cnn.com/2025/04/02/tech/ai-future-of-humanity-2035-report/index.html,MetaKnowing
technology,1joy6t2,Apple backports zero-day patches to older iPhones and Macs,,83,0.91,1,2025-04-01 15:19:09,https://www.bleepingcomputer.com/news/security/apple-backports-zero-day-patches-to-older-iphones-and-macs/,lurker_bee
technology,1jwwaug,"Alibaba’s Jack Ma wants AI to serve, not lord over, humans",,84,0.84,15,2025-04-11 18:02:04,https://fortune.com/asia/2025/04/11/alibaba-jack-ma-ai-serve-humans/,ControlCAD
technology,1jiqs9c,"Meta Is Experimenting With AI-Generated Comments, for Some Reason",,84,0.86,30,2025-03-24 13:34:19,https://lifehacker.com/tech/meta-is-experimenting-with-ai-generated-comments,MetaKnowing
technology,1k1dna5,Meta whistleblower alleges work with China on censorship,,84,0.9,7,2025-04-17 14:05:42,https://www.bbc.com/news/articles/c4grrwvn1lyo,Doener23
technology,1jtmeem,Trump Tariffs Aren't Stopping This Japan Chip Sector Supplier,,80,0.9,0,2025-04-07 14:20:33,https://asia.nikkei.com/Business/Tech/Semiconductors/Trump-tariffs-aren-t-stopping-this-Japan-chip-sector-supplier,Mynameis__--__
technology,1k5ftsr,Google Photos is getting a huge HDR upgrade for millions to boost your old pics,,132,0.84,35,2025-04-22 19:54:59,https://www.tomsguide.com/computing/mobile-apps/google-photos-is-getting-a-huge-upgrade-for-millions-to-boost-your-old-pics,lurker_bee
technology,1jzxr9o,Community colleges have been dealing with an unprecedented phenomenon: fake students bent on stealing financial aid funds,,76,0.84,14,2025-04-15 17:28:31,https://voiceofsandiego.org/2025/04/14/as-bot-students-continue-to-flood-in-community-colleges-struggle-to-respond/,indig0sixalpha
technology,1jyvi5r,Apple Allegedly Showing iPhone 16 Ads Through Apple Store Notifications,,78,0.74,48,2025-04-14 10:23:43,https://www.macobserver.com/news/apple-allegedly-showing-iphone-16-ads-through-apple-store-notifications/,MayankWL
technology,1jt652x,"AMD sets new supercomputer record, runs CFD simulation over 25x faster on Instinct MI250X GPUs",,76,0.87,13,2025-04-06 22:21:07,https://www.tomshardware.com/tech-industry/supercomputers/amd-sets-new-supercomputer-record-runs-cfd-simulation-over-25x-faster-on-instinct-mi250x-gpus,jluizsouzadev
technology,1jquzn0,"The Louvre in Paris is retiring the current rentable audio/video guides that uses 5,000 Nintendo 3DS consoles in September 2025",,75,0.91,15,2025-04-03 21:35:46,https://www.theverge.com/news/641331/louvre-museum-nintendo-3ds-discontinued-september-2025,kevro
technology,1jq8hcy,WordPress.com owner Automattic is laying off 16 percent of workers,,79,0.89,8,2025-04-03 03:45:04,https://www.theverge.com/news/642187/automattic-wordpress-layoffs-matt-mullenweg,ControlCAD
technology,1jj6k5u,China develops deep-sea cable-cutting device with global implications | China claims the underwater tool is only for mining deep ocean resources,,76,0.85,10,2025-03-25 00:22:10,https://www.techspot.com/news/107269-china-develops-deep-sea-cable-cutting-device-global.html,chrisdh79
technology,1k1bmpc,Florida Attorney General subpoenas Roblox amid growing concerns for children's safety,,76,0.86,9,2025-04-17 12:32:21,https://cbs12.com/news/local/florida-attorney-general-james-uthmeier-subpoenas-roblox-amid-growing-concerns-for-childrens-safety-south-central-florida-news-online-gaming-platform-april-16-2025,Financetomato
technology,1jrdo57,Investors sue ByteDance for $58 billion over ‘rigged’ TikTok acquisition,,75,0.9,1,2025-04-04 14:46:57,https://www.courthousenews.com/investors-sue-bytedance-for-58-billion-over-rigged-tiktok-acquisition/,HellYeahDamnWrite
technology,1jo5h1e,US Space Force wants a new 'orbital carrier' to be a spacecraft launch pad in space,,78,0.8,44,2025-03-31 15:10:13,https://www.space.com/us-space-force-orbital-carrier-spacecraft-launch-pad-in-space,spsheridan
technology,1jj0yen,Irish startup unveils world’s first silicon-based quantum computer,,78,0.91,5,2025-03-24 20:26:19,https://thenextweb.com/news/irish-startup-equal1-unveils-worlds-first-silicon-based-quantum-computer,EricFromOuterSpace
technology,1k1ld5t,Eugh: Discord is scanning users' faces and IDs in Australia and the UK to 'experiment' with age verification features,,75,0.88,31,2025-04-17 19:25:54,https://www.pcgamer.com/gaming-industry/eugh-discord-is-scanning-users-faces-and-ids-in-australia-and-the-uk-to-experiment-with-age-verification-features/,vriska1
technology,1jxzd8r,Japan wants to drive VTuber craze globally as South Korea breathes down its neck,,75,0.82,32,2025-04-13 04:15:04,https://www.scmp.com/news/asia/east-asia/article/3306319/japan-wants-drive-vtuber-craze-globally-south-korea-breathes-down-its-neck?module=top_story&pgtype=homepage,Saltedline
technology,1k4ujtn,Shopify must face data privacy lawsuit in US,,76,0.92,2,2025-04-22 01:36:54,https://www.reuters.com/sustainability/boards-policy-regulation/shopify-must-face-data-privacy-lawsuit-us-2025-04-21/,AmethystOrator
technology,1jksawl,Bodyoids: Ethically sourced “spare” human bodies could revolutionize medicine,,72,0.75,113,2025-03-27 01:17:56,https://www.technologyreview.com/2025/03/25/1113611/ethically-sourced-spare-human-bodies-could-revolutionize-medicine/,ctc35
technology,1jjt3ly,Mathematicians uncover the logic behind how people walk in crowds,,71,0.87,19,2025-03-25 20:15:13,https://news.mit.edu/2025/mathematicians-uncover-logic-behind-how-crowds-walk-0324,fchung
technology,1k578j6,"FTC sues Uber over difficulty of canceling subscriptions, “false” claims | It's the latest legal move against Big Tech by the Trump administration.",,84,0.9,15,2025-04-22 14:09:08,https://arstechnica.com/tech-policy/2025/04/ftc-sues-uber-over-difficulty-of-canceling-subscriptions-false-claims/,chrisdh79
technology,1k4j27d,"China seen leading in chipmaking investment again in 2025, SEMI group says",,74,0.9,3,2025-04-21 17:22:46,https://www.reuters.com/technology/china-seen-leading-chipmaking-investment-again-2025-semi-group-says-2025-03-26/,yogthos
technology,1jluknj,Threat actor in Oracle Cloud breach may have gained access to production environments,,68,0.89,1,2025-03-28 13:03:33,https://www.cybersecuritydive.com/news/oracle-cloud-breach-production-environments/743720/,lurker_bee
technology,1jl06ei,"With Vulcan’s certification, Space Force is no longer solely reliant on SpaceX | US Space Force to United Launch Alliance: ""I have been and always shall be your friend.""",,75,0.84,20,2025-03-27 09:44:38,https://arstechnica.com/space/2025/03/at-long-last-the-space-force-has-certified-the-vulcan-rocket/,chrisdh79
technology,1jkmlgn,Serbian scientists sell autoimmune disease and cancer treatment for USD 1.9 billion — Sanofi buys biopharma company Dren Bio.,,73,0.94,10,2025-03-26 21:01:29,https://www.ekapija.com/en/news/5111891/serbian-scientists-sell-autoimmune-disease-and-cancer-treatment-for-usd-19-billion,Smart-Combination-59
technology,1k1026m,Big tech upset at Meta's poorly executed court document redactions,,72,0.92,1,2025-04-17 00:37:56,https://appleinsider.com/articles/25/04/16/big-tech-upset-at-metas-poorly-executed-court-document-redactions,Fer65432_Plays
technology,1jyy9im,"Trump's tariff exemption for electronics is temporary, Lutnick says",,73,0.84,8,2025-04-14 12:59:57,https://www.axios.com/2025/04/13/trump-tariffs-exemption-electronics-temporary,Ecstatic-Medium-6320
technology,1jx99jk,Ireland's data regulator investigates X’s use of European user data to train Grok,,72,0.9,1,2025-04-12 04:35:30,https://techcrunch.com/2025/04/11/irelands-data-regulator-investigates-xs-use-of-european-user-data-to-train-grok/,moeka_8962
technology,1k0xpfv,"Russia-linked Pravda network cited on Wikipedia, LLMs, and X - The embedding of Pravda network websites into Wikipedia is particularly concerning given Wikipedia’s significant role as a primary source of knowledge for LLMs",,73,0.89,0,2025-04-16 22:44:06,https://dfrlab.org/2025/03/12/pravda-network-wikipedia-llm-x/,cos
technology,1jr49i2,Crossing the U.S. Border? Here’s How to Protect Yourself,,73,0.71,37,2025-04-04 05:17:52,https://theintercept.com/2025/03/29/customs-us-border-travel-airports-phone-searches/,eatfruitallday
technology,1jkvegf,"Netflix expands HDR support with HDR10+ | Before, Netflix users could only stream HDR titles in Dolby Vision or HDR10.",,70,0.78,43,2025-03-27 04:00:45,https://arstechnica.com/gadgets/2025/03/netflix-aims-to-support-hdr10-in-all-hdr-titles-by-the-end-of-this-year/,ControlCAD
technology,1k0l4sy,Android phones will soon reboot themselves after sitting unused for 3 days,,68,0.88,9,2025-04-16 14:00:22,https://arstechnica.com/gadgets/2025/04/android-phones-will-soon-reboot-themselves-after-sitting-unused-for-3-days/,tyw7
technology,1ju0b9w,Google AI Search Shift Leaves Website Makers Feeling ‘Betrayed’,,72,0.87,43,2025-04-08 00:06:34,https://www.msn.com/en-ca/money/other/google-ai-search-shift-leaves-website-makers-feeling-betrayed/ar-AA1CraMD,holyfruits
technology,1jo202o,Exclusive: Arm expects its share of data center CPU market sales to rocket to 50% this year,,71,0.88,3,2025-03-31 12:29:01,https://www.reuters.com/technology/arm-expects-its-share-data-center-cpu-market-sales-rocket-50-this-year-2025-03-31/,Appropriate_Rain_770
technology,1k0t6vo,Say goodbye to HDMI and DisplayPort as China unveils the definitive alternative that delivers speeds of 192 Gbps and resolutions of 8K,,65,0.65,72,2025-04-16 19:31:35,https://eladelantado.com/news/china-unveils-gpmi-hdmi-alternative/,yogthos
technology,1jz0ekf,Are You Being Paid for Your Personal Data? EU Court Case Challenges Meta's Business Model,,69,0.91,1,2025-04-14 14:36:02,https://www.europeanlawblog.eu/pub/6l8dm92n/release/1,Full-Discussion3745
technology,1jjdd7s,Big Four bet on AI agents that can do all the work and 'liberate' staff,,72,0.79,52,2025-03-25 06:50:51,https://www.aol.com/big-four-bet-ai-agents-134303569.html,Logical_Welder3467
technology,1k4wzwi,Multiple top CISA officials behind ‘Secure by Design’ resign,,72,0.91,5,2025-04-22 03:44:01,https://cyberscoop.com/cisa-bob-lord-lauren-zabierek-resign-secure-by-design/,lurker_bee
technology,1jyxvj3,Google Is Patching a Chrome Bug That’s Been Exposing Your Browsing History Since 2008,,68,0.88,9,2025-04-14 12:41:08,https://www.androidheadlines.com/2025/04/google-is-patching-a-chrome-bug-thats-been-exposing-your-browsing-history-since-2008.html,Appropriate_Rain_770
technology,1jw6wgy,How Trump’s trade war with China will hit tech prices,,65,0.9,5,2025-04-10 19:46:55,https://thehill.com/policy/technology/5241157-how-trumps-trade-war-with-china-presents-unique-challenges-for-tech/,Majano57
technology,1jr4clz,DMA complaint against Apple for failure to enable the Tuta email app as default mail app on iOS,,65,0.73,58,2025-04-04 05:23:23,https://tuta.com/blog/dma-complaint-apple-tuta-default-mail-app,Cubezzzzz
technology,1jou5tu,A stroke survivor speaks again with the help of an experimental brain-computer implant,,69,0.93,3,2025-04-01 12:18:26,https://apnews.com/article/brain-computer-interface-technology-26606f91ce9bb32883cae3a753c63419,N/A
technology,1k5e5c4,"OpenAI would buy Google's Chrome, exec testifies at trial",,82,0.83,45,2025-04-22 18:47:54,https://www.reuters.com/sustainability/boards-policy-regulation/google-contemplated-exclusive-gemini-ai-deals-with-android-makers-2025-04-22/,Puginator
technology,1k068va,Nvidia to take $5.5bn hit as US clamps down on exports of AI chips to China,,63,0.88,6,2025-04-15 23:27:42,https://www.ft.com/content/66e6abfa-2b79-407c-bda6-d04d19b3b814,Doener23
technology,1jv8d0y,Microsoft starts testing Copilot Vision update that can “see” your screen and apps,,65,0.8,33,2025-04-09 15:19:48,https://www.theverge.com/news/645666/microsoft-copilot-vision-windows-beta-testing,lurker_bee
technology,1jlpuvr,"U.S. Tech Giants are Betting Big on Humanoid Robots — but China’s Already Ahead, Analysts Say",,66,0.8,54,2025-03-28 07:48:59,https://www.cnbc.com/2025/03/28/china-already-ahead-of-us-in-humanoid-robot-race-analysts-say-.html,Suspicious-Bad4703
technology,1k0jggk,Google used AI to suspend over 39M ad accounts suspected of fraud,,66,0.88,19,2025-04-16 12:42:09,https://techcrunch.com/2025/04/16/google-used-ai-to-suspend-over-39m-ad-accounts-committing-fraud/,moeka_8962
technology,1jojyt5,Anthropic will begin sweeping offices for hidden devices as it ramps up security,,67,0.88,3,2025-04-01 01:32:03,https://www.cnbc.com/2025/03/31/anthropic-begin-sweeping-offices-for-hidden-devices-amps-up-security.html,Logical_Welder3467
technology,1jkzni9,"Exclusive: Google will develop the Android OS fully in private, and here's why",,67,0.8,36,2025-03-27 09:03:30,https://www.androidauthority.com/google-android-development-aosp-3538503/,i_am_adult_now
technology,1k2dear,Can the Japanese government make AI-generated Ghibli images illegal?,,64,0.68,63,2025-04-18 19:28:37,https://soranews24.com/2025/04/18/can-the-japanese-government-make-ai-generated-ghibli-images-illegal/,taloSilva2005
technology,1k22w11,Discord begins experimenting with face scanning for age verification,,64,0.73,37,2025-04-18 11:42:55,https://www.techspot.com/news/107587-discord-begins-experimenting-face-scanning-age-verification.html,AdSpecialist6598
technology,1jmdswv,US firm to test ZEUS nuclear microreactor for on-demand energy,,65,0.92,17,2025-03-29 03:47:58,https://interestingengineering.com/energy/zeus-nuclear-microreactor-test-ready?group=test_b,nucflashevent
technology,1jkqsbc,OpenAI Close to Finalizing Its $40 Billion SoftBank-Led Funding Which Values It At $300 Billion,,65,0.75,50,2025-03-27 00:04:03,https://www.bloomberg.com/news/articles/2025-03-26/openai-close-to-finalizing-its-40-billion-softbank-led-funding,s1n0d3utscht3k
technology,1jzr18n,Ubisoft releases open source tool to help devs tailor games for colourblind players,,58,0.81,5,2025-04-15 12:47:46,https://www.gamesindustry.biz/ubisoft-releases-open-source-tool-to-help-devs-tailor-games-for-colourblind-players,Ghost7659
technology,1jp88mp,"One of Australia’s oldest wind farms turns 20 today, and will live on for another decade",,64,0.88,0,2025-04-01 22:03:26,https://reneweconomy.com.au/one-of-australias-oldest-wind-farms-turns-20-today-and-will-live-on-for-another-decade/,sundler
technology,1jirxm3,Tesla Full Self-Driving is stagnating after Elon said it is going exponential,,59,0.9,16,2025-03-24 14:27:32,https://electrek.co/2025/03/23/tesla-full-self-driving-stagnating-after-elon-exponential/,mmaksimovic
technology,1k35l36,OpenAI removes certain content warnings from ChatGPT,,61,0.83,8,2025-04-19 20:30:31,https://techcrunch.com/2025/02/13/openai-removes-certain-content-warnings-from-chatgpt/,ubcstaffer123
technology,1jw9a95,Electronic Waste Graveyard: Expiring software or server support created more than one-hundred million pounds of e-waste over the past decade,,61,0.9,12,2025-04-10 21:26:28,https://pirg.org/edfund/resources/electronic-waste-graveyard/,LG_Rocket
technology,1jtv9gr,US tariffs cause share value decline for Japanese game companies,,61,0.9,2,2025-04-07 20:21:50,https://www.androidheadlines.com/2025/04/us-tariffs-cause-share-value-decline-for-japanese-game-companies.html,Appropriate_Rain_770
technology,1k5ex51,How to Protect Yourself From Phone Searches at the US Border,,169,0.89,57,2025-04-22 19:18:15,https://www.wired.com/story/how-to-protect-yourself-from-phone-searches-at-the-us-border/,abrownn
technology,1js1in4,"AMD Ryzen 9800X3D drives 8-core CPU adoption past 6-core chips | Users are also upgrading to larger, higher resolution monitors",,58,0.85,9,2025-04-05 11:39:21,https://www.techspot.com/news/107412-amd-ryzen-7-9800x3d-drives-eight-core-cpu.html,chrisdh79
technology,1jrghoz,Ireland hit new record for solar production during March,,61,0.87,9,2025-04-04 16:44:07,https://www.irishexaminer.com/business/technology/arid-41607070.html,Wagamaga
technology,1jniuxc,First orbital rocket launched from mainland Europe crashes after takeoff,,57,0.77,12,2025-03-30 18:22:45,https://www.theguardian.com/science/2025/mar/30/first-orbital-rocket-launched-europe-crashes-launch-spectrum,OoohjeezRick
technology,1jmz8fj,YouTube Premium is letting some viewers delete ads for their friends,,57,0.81,36,2025-03-29 23:27:42,https://www.tubefilter.com/2025/03/28/youtube-premium-share-ad-free-videos-ad-block/,Fer65432_Plays
technology,1k23t8b,The Most Dangerous Hackers You’ve Never Heard Of,,59,0.82,4,2025-04-18 12:32:41,https://www.wired.com/story/most-dangerous-hackers-youve-never-heard-of/,Exciting_Teacher6258
technology,1jnjg1c,‘Open source’ AI isn’t truly open — here’s how researchers can reclaim the term,,62,0.82,6,2025-03-30 18:47:55,https://www.nature.com/articles/d41586-025-00930-6,nohup_me
technology,1jms4tg,Bridging the gap: Reusing wind turbine blades to build bridges,,58,0.85,9,2025-03-29 17:58:39,https://techxplore.com/news/2025-03-bridging-gap-reusing-turbine-blades.html,sundler
technology,1k2ekuj,"Students in Ulukhaktok, N.W.T., building app to preserve Inuinnaqtun language",,57,0.88,1,2025-04-18 20:19:35,https://www.cbc.ca/news/canada/north/ulukhaktok-inuinnaqtun-language-app-1.7506772,ubcstaffer123
technology,1k087ux,"For security, Android phones will now auto-reboot after three days | TechCrunch",,54,0.81,16,2025-04-16 01:05:56,https://techcrunch.com/2025/04/15/for-security-android-phones-will-now-auto-reboot-after-three-days/,lurker_bee
technology,1jpp386,Researchers suggest OpenAI trained AI models on paywalled O'Reilly books,,60,0.87,12,2025-04-02 13:52:37,https://techcrunch.com/2025/04/01/researchers-suggest-openai-trained-ai-models-on-paywalled-oreilly-books/,MetaKnowing
technology,1jl4pmj,This watchdog is tracking how AI firms are quietly backing off their safety pledges,,57,0.86,4,2025-03-27 14:07:02,https://www.fastcompany.com/91304014/this-watchdog-is-tracking-how-ai-firms-are-quietly-backing-off-their-safety-pledges,MetaKnowing
technology,1jyvxyx,Bill Gates-backed Arnergy to expand solar access in Nigeria with $18M as demand surges,,53,0.82,0,2025-04-14 10:52:29,https://techcrunch.com/2025/04/14/arnergy-to-expand-solar-access-in-nigeria-with-18m-series-b/,ControlCAD
technology,1jsbg73,World’s smallest pacemaker is activated by light,,53,0.84,5,2025-04-05 19:27:29,https://news.northwestern.edu/stories/2025/03/worlds-smallest-pacemaker-is-activated-by-light/,fchung
technology,1k1krvo,"Google holds illegal monopolies in ad tech, US judge finds",,56,0.87,2,2025-04-17 19:00:41,https://www.reuters.com/technology/us-judge-finds-google-holds-illegal-online-ad-tech-monopolies-2025-04-17/,AdSpecialist6598
technology,1jwpnyl,Southern Water uses Capita's AI tool to flush customer complaints,,54,0.88,4,2025-04-11 13:18:30,https://www.theregister.com/2025/04/11/southern_water_uses_capitas_ai/,NotHallamHope
technology,1jrhahu,China’s push for chip independence continues with its first RISC-V server CPU,,54,0.87,14,2025-04-04 17:17:27,https://www.tomshardware.com/pc-components/cpus/chinas-push-for-chip-independence-continues-with-its-first-risc-v-server-cpu,yogthos
technology,1k27haf,Nvidia vows to continue making products for Chinese market | That comply with U.S. export restrictions,,53,0.8,13,2025-04-18 15:19:47,https://www.tomshardware.com/tech-industry/artificial-intelligence/nvidia-vows-to-continue-making-products-for-chinese-market,ControlCAD
technology,1jue35t,Apple fights UK government over iCloud backdoor as tribunal rejects secret hearing | Privacy battle intensifies as Apple resists weakening encryption for UK users,,56,0.88,4,2025-04-08 13:52:43,https://www.techspot.com/news/107457-apple-fights-uk-government-over-icloud-backdoor-tribunal.html,chrisdh79
technology,1jxlzoa,How Meta’s News Block Could Reshape Voter Awareness In Next Federal Election - On The Record,,52,0.82,6,2025-04-12 17:03:08,https://ontherecordnews.ca/how-metas-news-block-could-reshape-voter-awareness-in-next-federal-election/,erg99
technology,1jrk6tk,Trump extends deadline to keep TikTok running in US,,52,0.72,29,2025-04-04 19:19:28,https://www.bbc.com/news/articles/cx256dd1znpo,NecessarySignal0007
technology,1jk8o7l,"US adds Chinese tech firms to its export control list, says they sought US knowhow for military use",,52,0.84,9,2025-03-26 10:33:23,https://apnews.com/article/china-us-sanctions-entity-trump-inspur-44c6a0fd445814a4b5fa40c7baa178ca,Majano57
technology,1jipmq9,European coalition pushes for second Chips Act funding to boost semiconductor sector,,52,0.87,0,2025-03-24 12:37:16,https://www.techspot.com/news/107254-european-coalition-seeks-second-funding-package-chip-industry.html,AdSpecialist6598
technology,1jil55h,23andMe files for bankruptcy protection,,51,0.79,17,2025-03-24 07:25:49,https://www.bbc.com/news/articles/c9q4r9xy9wro,ShreckAndDonkey123
technology,1k32jub,Artists push back against Barbie-like AI dolls with their own creations,,51,0.73,24,2025-04-19 18:12:36,https://www.bbc.com/news/articles/c3v9z45pe93o,MetaKnowing
technology,1k1i15v,Discord gets sued for allegedly violating child safety laws / The suit brought by the state of New Jersey is the first state action against the app.,,53,0.88,3,2025-04-17 17:08:12,https://www.theverge.com/news/650849/discord-gets-sued-for-allegedly-violating-child-safety-laws,DemiFiendRSA
technology,1k10869,Scientists hail ‘strongest evidence’ so far for life beyond our solar system | Astrophysics team say observation of chemical compounds may be ‘tipping point’ in search for extraterrestrial life,,54,0.93,6,2025-04-17 00:46:14,https://www.theguardian.com/science/2025/apr/17/scientists-hail-strongest-evidence-so-far-for-life-beyond-our-solar-system,chrisdh79
technology,1jqhzvh,"“Foreign election interference” behind cyberattack on Polish ruling party, says Tusk",,51,0.85,2,2025-04-03 13:08:37,https://notesfrompoland.com/2025/04/03/foreign-election-interference-behind-cyberattack-on-polish-ruling-party-says-tusk/,BubsyFanboy
technology,1jqfzr9,Tiny Pacemaker Dissolves When No Longer Needed | The new device is smaller than a grain of rice and can be injected by syringe,,48,0.83,5,2025-04-03 11:31:50,https://spectrum.ieee.org/pacemaker,chrisdh79
technology,1jzdvvu,NASA offers $3 million to recycle 96 bags of human waste left by Apollo astronauts,,55,0.74,61,2025-04-14 23:59:27,https://timesofindia.indiatimes.com/science/nasa-offers-3-million-to-recycle-96-bags-of-human-waste-left-by-apollo-astronauts/articleshow/120225321.cms,ubcstaffer123
technology,1jrgdxn,Copilot on Windows 11 is gaining the ability to see and interact with your apps,,50,0.71,59,2025-04-04 16:39:48,https://www.windowscentral.com/software-apps/windows-11/copilot-vision-for-windows-11-announcement-2025,ZacB_
technology,1jqryr9,YouTube removes 'gender identity' from hate speech policy,,49,0.92,0,2025-04-03 19:37:52,https://www.usermag.co/p/youtube-removes-gender-identity-from,vriska1
technology,1jp84rd,Brain waves become spoken words in AI breakthrough for paralysis,,50,0.83,8,2025-04-01 21:59:05,https://newatlas.com/medical-tech/brain-waves-spoken-words-ai-paralysis/,chrisdh79
technology,1jkgpzi,"Game Informer is back from the dead: 'The whole team has returned' | The US magazine was reopened by Gunzilla, a game developer and blockchain operation co-founded by film director Neill Blomkamp.",,52,0.79,11,2025-03-26 17:01:32,https://www.pcgamer.com/gaming-industry/game-informer-is-back-from-the-dead-the-whole-team-has-returned/,ControlCAD
technology,1k188o0,Apple plugs zero-days holes used in targeted iPhone attacks,,49,0.95,4,2025-04-17 09:00:02,https://www.helpnetsecurity.com/2025/04/17/apple-plugs-zero-days-holes-used-in-targeted-iphone-attacks-cve-2025-31200-cve-2025-31201/,tekz
technology,1k0au5h,Google created a new AI model for talking to dolphins,,51,0.75,43,2025-04-16 03:23:48,https://arstechnica.com/science/2025/04/google-created-a-new-ai-model-for-talking-to-dolphins/,moeka_8962
technology,1jlu9pi,VMware distributor Arrow says minimum software subs set to jump from 16 to 72 cores,,51,0.83,10,2025-03-28 12:48:20,https://www.theregister.com/2025/03/28/arrow_vmware_licensing_change/,Loki-L
technology,1k13qdw,"Russian propaganda campaign used AI to scale output without sacrificing credibility, study finds",,48,0.87,2,2025-04-17 03:52:02,https://www.psypost.org/russian-propaganda-campaign-used-ai-to-scale-output-without-sacrificing-credibility-study-finds/,mvea
technology,1k0cdx8,Inside Mark Zuckerberg’s Failed Negotiations to End Antitrust Case,,50,0.89,2,2025-04-16 04:55:55,https://www.wsj.com/us-news/law/mark-zuckerberg-meta-antitrust-ftc-negotiations-a53b3382,Undiplomatiq
technology,1jw3zwi,OpenAI wants ChatGPT to know you over your life with new Memory update,,48,0.78,40,2025-04-10 17:46:23,https://www.bleepingcomputer.com/news/artificial-intelligence/openai-wants-chatgpt-to-know-you-over-your-life-with-new-memory-update/,MayankWL
technology,1jve94i,A new vacuum can alert you to incoming text messages. Why?,,51,0.81,33,2025-04-09 19:19:12,https://www.npr.org/2025/04/08/nx-s1-5346759/samsung-ai-vacuum-smart-appliances-explained,Hrmbee
technology,1jskrt7,NVIDIA AI Released AgentIQ: An Open-Source Library For Efficiently Connecting And Optimizing Teams of AI Agents,,53,0.76,7,2025-04-06 03:13:44,https://www.marktechpost.com/2025/04/05/nvidia-ai-released-agentiq-an-open-source-library-for-efficiently-connecting-and-optimizing-teams-of-ai-agents/,Mynameis__--__
technology,1jqehgs,Microsoft Pulls Back on Data Centers From Chicago to Jakarta,,45,0.77,3,2025-04-03 10:03:44,https://www.bloomberg.com/news/articles/2025-04-03/microsoft-pulls-back-on-data-centers-from-chicago-to-jakarta,s1n0d3utscht3k
technology,1jlbujf,OnlyFans fined £1m over inaccurate responses to information requests,,51,0.82,4,2025-03-27 19:21:31,https://www.the-independent.com/tech/ofcom-onlyfans-b2722542.html,vriska1
technology,1jqqp74,Microsoft pulls back on data centers from Chicago to Jakarta,,50,0.85,7,2025-04-03 18:49:38,https://www.chicagotribune.com/2025/04/03/microsoft-pulls-back-data-centers/,Well_Socialized
technology,1k5jw2a,EU says it will enforce digital rules irrespective of CEO and location,,198,0.94,26,2025-04-22 22:45:49,https://www.reuters.com/business/retail-consumer/eu-says-it-will-enforce-digital-rules-irrespective-ceo-location-2025-04-21/,serene_sketch
technology,1k3b5jf,Jurassic Patent: How Colossal Biosciences is attempting to own the “woolly mammoth”,,46,0.77,20,2025-04-20 01:09:02,https://www.technologyreview.com/2025/04/16/1115154/jurassic-patent-how-colossal-biosciences-is-attempting-to-own-the-woolly-mammoth/,PenlessScribe
technology,1k053n7,US launches semiconductor probe to explain away tariff exemptions,,48,0.87,2,2025-04-15 22:34:21,https://appleinsider.com/articles/25/04/15/us-launches-semiconductor-probe-to-explain-away-tariff-exemptions,Fer65432_Plays
technology,1jubx14,Nintendo defends Switch 2 pricing amid tariff concerns and gamer backlash,,43,0.67,97,2025-04-08 12:05:57,https://www.techspot.com/news/107448-nintendo-defends-switch-2-pricing-amid-tariff-concerns.html,AdSpecialist6598
technology,1jir0q3,DNA testing company 23andMe files for bankruptcy: What does this mean for your data?,,46,0.82,25,2025-03-24 13:45:39,https://www.itv.com/news/2025-03-24/23andme-files-for-bankruptcy-what-does-this-mean-for-your-data,insomnimax_99
technology,1k3q77s,Flash of the Future: New Memory Breakthrough in China Rivals RAM,,46,0.76,7,2025-04-20 16:19:06,https://www.sixthtone.com/news/1016978,boppinmule
technology,1k0qx1e,Google suspended 39.2 million malicious advertisers in 2024 thanks to AI,,49,0.79,8,2025-04-16 17:58:42,https://arstechnica.com/gadgets/2025/04/google-used-ai-to-block-three-times-more-fraudulent-advertisers-in-2024/,xpda
technology,1jxr1r7,The Apple Maps web client beta now runs on Android phone browsers,,46,0.73,28,2025-04-12 20:49:21,https://tech.yahoo.com/phones/articles/apple-maps-client-beta-now-191429941.html,No_Location__
technology,1julcn8,"Frontier sets fluid dynamics speed record, cutting simulation time from 38.5 to 1.5 hours on AMD GPUs",,43,0.87,2,2025-04-08 18:51:11,https://www.techspot.com/news/107453-amd-instinct-gpus-used-slash-fluid-dynamics-simulation.html,chrisdh79
technology,1jpvn0p,Great Britain achieves new maximum solar generation record,,43,0.84,6,2025-04-02 18:16:02,https://www.solarpowerportal.co.uk/great-britain-achieves-new-maximum-solar-generation-record/,Wagamaga
technology,1jm7u6r,NASA Awards Launch Services Contract for SpaceX Starship,,46,0.79,24,2025-03-28 22:43:28,https://www.nasa.gov/news-release/nasa-awards-launch-services-contract-for-spacex-starship/,esporx
technology,1k4xhxe,FCC opens Public Comment for ATSC 3.0 and it’s DRM issues — You have until May 6,,44,0.88,7,2025-04-22 04:11:58,https://www.aftvnews.com/fcc-opens-public-comment-for-atsc-3-0-and-its-drm-issues-you-have-until-may-6/,SHODAN117
technology,1k4j0pe,"For climate and livelihoods, Africa bets big on solar mini-grids",,46,0.88,0,2025-04-21 17:21:03,https://yaleclimateconnections.org/2025/04/for-climate-and-livelihoods-africa-bets-big-on-solar-mini-grids/,sundler
technology,1k05a7i,Comcast unveils five-year internet price lock to stem broadband losses,,43,0.76,53,2025-04-15 22:42:39,https://finance.yahoo.com/news/comcast-unveils-five-internet-price-160308077.html,lurker_bee
technology,1jv580w,WhatsApp vulnerability could be used to infect Windows users with malware,,42,0.82,5,2025-04-09 13:01:56,https://www.helpnetsecurity.com/2025/04/09/whatsapp-vulnerability-windows-cve-2025-30401/,tekz
technology,1jlihd6,"Nintendo’s new system for sharing digital Switch games, explained | ""Virtual game cards"" don't require an Internet check-in after the initial loan.",,41,0.82,7,2025-03-28 00:32:58,https://arstechnica.com/gaming/2025/03/nintendos-new-system-for-sharing-digital-switch-games-explained/,ControlCAD
